Index,Index,UserID,gameRating,desktopRating,workRating,CPU,CPURating,GPU,GPURating,GPUType,CPUType
0,0,36276693,96%,89%,76%,AMD Ryzen 3 3200G,80.90%,Nvidia RTX 2060S (Super),113.20%,Nvidia,AMD
1,1,36276701,121%,91%,122%,AMD Ryzen 7 2700X,84%,Nvidia RTX 3060-Ti,139.80%,Nvidia,AMD
2,2,36276704,12%,76%,12%,Intel Core i7-4910MQ,79.80%,Nvidia Quadro K2100M,7.20%,Nvidia,Intel
3,3,36280154,24%,77%,19%,Intel Core i5-3470S,69.40%,Nvidia GTX 660-Ti,27%,Nvidia,Intel
4,4,36280160,36%,79%,29%,Intel Core i7-2600,74.50%,Nvidia GTX 1650,45.70%,Nvidia,Intel
5,5,36280163,53%,92%,49%,Intel Core i7-8700K,89.60%,Nvidia GTX 970,52.10%,Nvidia,Intel
6,6,36280171,68%,92%,61%,Intel Core i7-9750H,87.70%,Nvidia GTX 1660-Ti (Mobile),72.90%,Nvidia,Intel
7,7,36280182,7%,62%,6%,Intel Core i5-5257U,62.30%,Intel Iris Pro HD 6100 (Mobile),5.90%,Intel,Intel
8,9,36280187,127%,87%,119%,AMD Ryzen 5 3600X,85.50%,Nvidia RTX 3060-Ti,150.60%,Nvidia,AMD
9,10,36280190,7%,56%,7%,Intel Core i5-3230M,57.30%,Intel HD 4000 (Mobile 1.25 GHz),3%,Intel,Intel
10,11,36280197,7%,69%,6%,Intel Core i5-8400,77.30%,Intel UHD Graphics 630 (Desktop Coffee Lake i5 i7),4.50%,Intel,Intel
11,12,36280359,16%,67%,13%,AMD FX-6300,61%,AMD Radeon RX 560-B,21.60%,AMD,AMD
12,13,36280363,101%,94%,104%,AMD Ryzen 7 3700X,92.80%,AMD RX 5700-XT,107.20%,AMD,AMD
13,14,36280372,19%,81%,17%,AMD Ryzen 5 4500U,83.30%,AMD Radeon Graphics,12%,AMD,AMD
14,15,36280375,108%,97%,106%,AMD Ryzen 5 3600X,88%,AMD RX 5700-XT,117.70%,AMD,AMD
15,16,36280380,132%,102%,122%,Intel Core i7-9700K,98.20%,Nvidia RTX 2080,131.80%,Nvidia,Intel
16,17,36280384,21%,76%,16%,Intel Core i3-7100,67%,Nvidia GTX 1050-Ti,30.10%,Nvidia,Intel
17,18,36280387,97%,100%,90%,Intel Core i7-8700K,93.10%,Nvidia GTX 1070-Ti,99.40%,Nvidia,Intel
18,19,36280390,259%,106%,280%,Intel Core i9-10900K,105.50%,Nvidia RTX 3080,252.80%,Nvidia,Intel
19,20,36280396,5%,54%,4%,Intel Core i5-5200U,58.30%,Nvidia GeForce 920M,5.90%,Nvidia,Intel
20,21,36280399,3%,67%,3%,Intel Core i5-8300H,78.10%,Intel UHD Graphics 630,1.60%,Intel,Intel
21,22,36280789,38%,80%,31%,AMD Ryzen 3 1200,70.10%,AMD RX 570,47.80%,AMD,AMD
22,23,36280796,171%,98%,182%,Intel Core i9-10900K,93.50%,Nvidia RTX 3080,188.10%,Nvidia,Intel
23,24,36280804,13%,67%,12%,AMD Ryzen 5 3500U,65.30%,AMD Radeon Vega 8 Graphics,8.90%,AMD,AMD
24,25,36280808,28%,95%,28%,AMD Ryzen 9 4900H,91.50%,AMD Radeon Graphics,21.40%,AMD,AMD
25,26,36280816,149%,86%,139%,AMD Ryzen 5 2600,80.40%,Nvidia RTX 3070,185.60%,Nvidia,AMD
26,27,36280818,113%,95%,101%,Intel Core i7-9700K,98.10%,Nvidia RTX 2070S (Super),116.10%,Nvidia,Intel
27,28,36280823,92%,95%,90%,AMD Ryzen 7 3700X,90%,Nvidia GTX 1080,97.70%,Nvidia,AMD
28,29,36280831,119%,89%,129%,AMD Ryzen TR 2920X,83.90%,Nvidia RTX 2080S (Super),144.20%,Nvidia,AMD
29,30,36280953,94%,103%,91%,Intel Core i7-10700K,100.50%,Nvidia RTX 2060,89.90%,Nvidia,Intel
30,31,36280959,89%,101%,103%,AMD Ryzen 9 5900X,100.90%,Nvidia GTX 1070,83.30%,Nvidia,AMD
31,32,36280961,52%,81%,54%,AMD Ryzen 7 3700X,80.60%,AMD RX 5700-XT,63.50%,AMD,AMD
32,33,36280963,147%,93%,137%,AMD Ryzen 5 3600,86.90%,Nvidia RTX 3070,169.80%,Nvidia,AMD
33,34,36280977,87%,88%,82%,AMD Ryzen 5 2600,86.60%,Nvidia RTX 2060,95.50%,Nvidia,AMD
34,35,36280987,146%,100%,123%,Intel Core i7-6700K,97.10%,Nvidia GTX 1080-Ti,149.50%,Nvidia,Intel
35,36,36280989,118%,96%,110%,Intel Core i7-8700K,87%,Nvidia GTX 1080-Ti,133.20%,Nvidia,Intel
36,37,36280998,24%,91%,21%,Intel Core i5-7600K,80.70%,AMD HD 7850,19.20%,AMD,Intel
37,38,36281066,86%,89%,71%,Intel Core i5-9400F,85.70%,Nvidia RTX 2060S (Super),97.40%,Nvidia,Intel
38,39,36281074,105%,94%,102%,Intel Core i7-10700K,94.90%,Nvidia GTX 1080,107.70%,Nvidia,Intel
39,40,36281082,13%,59%,11%,AMD FX-8120,51.70%,Nvidia GTX 750-Ti,18%,Nvidia,AMD
40,41,36281088,6%,69%,5%,Intel Core i7-7700HQ,77.60%,Intel HD Graphics 630,6.40%,Intel,Intel
41,42,36281094,95%,86%,91%,AMD Ryzen 5 3600X,85.70%,Nvidia GTX 1080,110.80%,Nvidia,AMD
42,43,36281101,70%,88%,55%,Intel Core i5-4670K,89.90%,Nvidia GTX 1660-Ti,79.20%,Nvidia,Intel
43,44,36281110,84%,88%,85%,AMD Ryzen 7 2700X,79.80%,Nvidia RTX 2060S (Super),99.90%,Nvidia,AMD
44,45,36281117,0%,26%,0%,Intel Celeron N3450,27.30%,Intel HD Graphics,1.70%,Intel,Intel
45,46,36281122,5%,39%,4%,Intel Core i5-5200U,35%,Intel HD 5500 (Mobile 0.95 GHz),4%,Intel,Intel
46,47,36281157,57%,82%,45%,AMD Ryzen 3 3200G,77.30%,Nvidia GTX 1060-6GB,64.40%,Nvidia,AMD
47,48,36281162,148%,104%,137%,Intel Core i7-8700K,103.90%,Nvidia GTX 1080-Ti,141.70%,Nvidia,Intel
48,49,36281177,2%,45%,2%,Intel Core i7-5600U,43.90%,Intel HD 5500 (Mobile 0.95 GHz),3.80%,Intel,Intel
49,50,36281183,62%,91%,54%,Intel Core i7-9750H,85.60%,Nvidia RTX 2060 (Mobile),66.50%,Nvidia,Intel
50,51,36281189,75%,93%,71%,AMD Ryzen 5 3600XT,82.20%,Nvidia RTX 2060,83.70%,Nvidia,AMD
51,52,36281191,100%,93%,95%,AMD Ryzen 5 3600XT,89.40%,Nvidia RTX 2070,108.80%,Nvidia,AMD
52,53,36281193,94%,92%,79%,Intel Core i5-9400F,90.20%,Nvidia RTX 2060S (Super),101.20%,Nvidia,Intel
53,54,36281200,57%,81%,57%,AMD Ryzen 7 2700,73.70%,Nvidia GTX 1070,70%,Nvidia,AMD
54,55,36281213,53%,85%,44%,Intel Core i7-4770K,81.20%,Nvidia GTX 1650S (Super),62.50%,Nvidia,Intel
55,56,36281220,91%,87%,84%,AMD Ryzen 5 2600,85%,Nvidia RTX 2060,101.80%,Nvidia,AMD
56,57,36281223,55%,83%,51%,AMD Ryzen 5 1600,78.80%,Nvidia GTX 1060-6GB,60.30%,Nvidia,AMD
57,58,36281228,79%,86%,66%,Intel Core i7-3770K,85.60%,Nvidia RTX 2060,92%,Nvidia,Intel
58,59,36281232,42%,85%,38%,Intel Core i7-5820K,82.20%,Nvidia GTX 970,43.10%,Nvidia,Intel
59,60,36281236,0%,5%,0%,Intel Celeron N3050,2.50%,Intel HD Graphics,1.20%,Intel,Intel
60,61,36281243,38%,75%,29%,Intel Core i5-2320,73.90%,Nvidia GTX 970,52.30%,Nvidia,Intel
61,62,36281249,12%,77%,11%,AMD Ryzen 3 3200G,82.50%,AMD RX 580,7.70%,AMD,AMD
62,63,36281256,99%,90%,118%,AMD Ryzen 9 3900X,86%,Nvidia RTX 2070S (Super),116%,Nvidia,AMD
63,64,36281266,83%,100%,76%,Intel Core i7-8700,95.70%,Nvidia GTX 980-Ti,80.80%,Nvidia,Intel
64,65,36281275,169%,100%,185%,Intel Core i9-10850K,100.20%,Nvidia RTX 3070,172.60%,Nvidia,Intel
65,66,36281279,129%,87%,106%,Intel Core i7-4790K,83.30%,Nvidia RTX 3070,161.30%,Nvidia,Intel
66,67,36281312,28%,98%,28%,AMD Ryzen 7 3700X,93.10%,Nvidia RTX 2080S (Super),18.40%,Nvidia,AMD
67,68,36281318,89%,89%,92%,AMD Ryzen 7 3700X,87.30%,Nvidia RTX 2060S (Super),100.80%,Nvidia,AMD
68,69,36281326,106%,99%,107%,AMD Ryzen 7 3800X,93.20%,Nvidia GTX 1080,109.30%,Nvidia,AMD
69,70,36281336,26%,71%,22%,AMD FX-8350,67.40%,Nvidia GTX 1050-Ti,34.50%,Nvidia,AMD
70,71,36281342,50%,81%,37%,Intel Core i3-6100,70.40%,Nvidia GTX 1660S (Super),68.90%,Nvidia,Intel
71,72,36281352,43%,84%,34%,Intel Core i5-4690K,80.70%,Nvidia GTX 970,48.60%,Nvidia,Intel
72,73,36281362,132%,90%,111%,Intel Core i7-7700K,93.40%,Nvidia GTX 1080-Ti,145.40%,Nvidia,Intel
73,74,36281369,58%,94%,57%,AMD Ryzen 7 3700X,87.80%,AMD RX 590,56.50%,AMD,AMD
74,75,36281374,46%,88%,46%,AMD Ryzen 5 3600,80%,AMD RX 580,51.20%,AMD,AMD
75,76,36281379,105%,99%,105%,AMD Ryzen 7 3700X,93.80%,AMD RX 5700-XT,106.70%,AMD,AMD
76,77,36281388,82%,99%,76%,Intel Core i7-10750H,90.50%,Nvidia RTX 2070 (Mobile),84.70%,Nvidia,Intel
77,78,36281393,48%,88%,42%,Intel Core i7-8700K,83%,Nvidia GTX 1060-6GB,55.10%,Nvidia,Intel
78,79,36281396,55%,93%,50%,Intel Core i7-8700,91.20%,Nvidia GTX 1060-6GB,55.40%,Nvidia,Intel
79,80,36281407,63%,94%,58%,Intel Core i5-10600K,94.10%,Nvidia GTX 1060-6GB,61.70%,Nvidia,Intel
80,81,36281412,7%,59%,6%,AMD FX-4300,62.20%,Nvidia GeForce GT 730,4%,Nvidia,AMD
81,82,36281424,29%,94%,29%,AMD Ryzen 9 4900HS,91.10%,AMD Radeon Graphics,21.30%,AMD,AMD
82,83,36281431,135%,103%,139%,Intel Core i7-10700K,99.40%,Nvidia RTX 2070S (Super),134.70%,Nvidia,Intel
83,84,36281447,92%,89%,92%,AMD Ryzen 7 2700X,86.90%,Nvidia RTX 2070,101.60%,Nvidia,AMD
84,85,36281461,61%,89%,54%,Intel Core i7-9750H,79.80%,Nvidia GTX 1660-Ti (Mobile),69.60%,Nvidia,Intel
85,86,36281466,82%,89%,76%,Intel Core i5-10400F,86.90%,Nvidia RTX 2060,91.50%,Nvidia,Intel
86,87,36281702,46%,79%,39%,Intel Core i7-6700,73.30%,Nvidia GTX 1060-6GB,58.40%,Nvidia,Intel
87,88,36281707,128%,94%,118%,Intel Core i7-8086K,93.90%,Nvidia GTX 1080-Ti,137.20%,Nvidia,Intel
88,89,36281712,23%,77%,18%,Intel Core i5-3550,70%,Nvidia GTX 1050,27%,Nvidia,Intel
89,90,36281718,64%,86%,55%,Intel Core i7-6700K,81.20%,Nvidia GTX 1660S (Super),74.80%,Nvidia,Intel
90,91,36281724,116%,103%,108%,Intel Core i7-8700K,99.70%,Nvidia GTX 1070-Ti,113.10%,Nvidia,Intel
91,92,36281725,92%,92%,86%,AMD Ryzen 5 3600X,86.30%,Nvidia RTX 2070,102.80%,Nvidia,AMD
92,93,36281733,208%,103%,209%,Intel Core i7-10700K,98.70%,Nvidia RTX 3080,214.50%,Nvidia,Intel
93,94,36281741,170%,95%,160%,AMD Ryzen 5 5600X,90.40%,Nvidia RTX 3080,191.60%,Nvidia,AMD
94,95,36281749,70%,90%,60%,Intel Core i5-9400F,89.70%,Nvidia GTX 1070,74.70%,Nvidia,Intel
95,96,36281759,66%,91%,63%,AMD Ryzen 5 3600X,85.30%,Nvidia GTX 1660S (Super),72.30%,Nvidia,AMD
96,97,36281763,131%,97%,118%,Intel Core i7-8700K,95.80%,Nvidia GTX 1080-Ti,135.10%,Nvidia,Intel
97,98,36281774,119%,101%,133%,AMD Ryzen 9 3900X,95.30%,AMD RX 5700-XT,120.70%,AMD,AMD
98,99,36281785,2%,15%,2%,Intel Celeron N4000,8.70%,Intel UHD Graphics 600,0.80%,Intel,Intel
99,100,36281790,39%,103%,42%,Intel Core i9-10900KF,106.60%,Nvidia RTX 3080,30.10%,Nvidia,Intel
100,101,36281795,94%,91%,93%,AMD Ryzen 7 2700X,85.40%,Nvidia RTX 2070,104.60%,Nvidia,AMD
101,102,36281799,132%,104%,126%,Intel Core i7-9700K,101.30%,Nvidia RTX 2070S (Super),128.30%,Nvidia,Intel
102,103,36281805,10%,73%,9%,Intel Core i7-8750H,73.90%,Intel UHD Graphics 630,7%,Intel,Intel
103,104,36281807,1%,51%,1%,Intel Core i7-5500U,55.70%,Intel HD 5500 (Mobile 0.95 GHz),0.60%,Intel,Intel
104,105,36281811,45%,100%,42%,Intel Core i7-10750H,94.20%,Nvidia Quadro T1000,41.50%,Nvidia,Intel
105,106,36281820,76%,92%,72%,AMD Ryzen 5 3600,85.10%,Nvidia GTX 1660S (Super),82.70%,Nvidia,AMD
106,107,36281826,7%,61%,6%,Intel Core i7-10510U,60%,Nvidia MX130,10.30%,Nvidia,Intel
107,108,36281828,97%,94%,99%,AMD Ryzen 7 3800X,87.20%,Nvidia GTX 1080,106.10%,Nvidia,AMD
108,109,36281830,22%,70%,18%,Intel Core i5-6500,64.60%,Nvidia GTX 1050-Ti,30.80%,Nvidia,Intel
109,110,36281846,69%,92%,67%,Intel Core i7-5960X,91.50%,Nvidia GTX Titan X,71.30%,Nvidia,Intel
110,111,36281850,40%,94%,35%,Intel Core i7-9750H,82%,Nvidia RTX 2070 (Mobile),39.80%,Nvidia,Intel
111,112,36281855,10%,57%,9%,AMD Ryzen 3 2200G,58.20%,AMD RX Vega 8 (Ryzen iGPU),10.20%,AMD,AMD
112,113,36281868,263%,103%,285%,Intel Core i9-10900K,104%,Nvidia RTX 3090,262.10%,Nvidia,Intel
113,114,36282067,124%,93%,112%,Intel Core i7-8700K,90.50%,Nvidia GTX 1080-Ti,136.30%,Nvidia,Intel
114,115,36282072,211%,109%,241%,AMD Ryzen 9 5900X,105.40%,Nvidia RTX 3080,204.10%,Nvidia,AMD
115,116,36282074,8%,62%,7%,Intel Core i7-4700MQ,69.50%,Nvidia GeForce GT 755M,8.30%,Nvidia,Intel
116,117,36282083,2%,60%,2%,Intel Core i5-2500,71.70%,Nvidia GeForce GT 220,2.60%,Nvidia,Intel
117,118,36282088,5%,52%,5%,Intel Core i7-6600U,52.10%,Intel HD 520 (Mobile Skylake),2.30%,Intel,Intel
118,119,36282096,4%,47%,3%,Intel Core i5-2520M,51.50%,Intel HD 3000 (Mobile V2 1.3 GHz),1.70%,Intel,Intel
119,120,36282112,52%,92%,45%,Intel Core i3-10100,84.40%,AMD RX 580,53.60%,AMD,Intel
120,121,36282113,79%,90%,76%,AMD Ryzen 5 3600X,84.70%,Nvidia RTX 2060,89.90%,Nvidia,AMD
121,122,36282120,26%,83%,23%,Intel Core i7-4770K,79%,AMD R9 270X,28.30%,AMD,Intel
122,123,36282121,72%,96%,72%,AMD Ryzen 9 4900HS,92.60%,Nvidia GeForce RTX 2060 with Max-Q Design,70.90%,Nvidia,AMD
123,124,36282128,132%,106%,133%,Intel Core i9-9900K,104.50%,Nvidia GTX 1080-Ti,124.10%,Nvidia,Intel
124,125,36282133,29%,95%,30%,AMD Ryzen 9 4900HS,88.90%,AMD Radeon Graphics,21%,AMD,AMD
125,126,36282137,5%,55%,4%,Intel Core i5-4210U,55.80%,Intel HD 4400 (Mobile 1.0/1.1 GHz),2.60%,Intel,Intel
126,127,36282143,45%,81%,38%,Intel Core i7-7700K,77.80%,Nvidia GTX 1060-3GB,53.90%,Nvidia,Intel
127,128,36282148,5%,55%,4%,AMD FX-6300,62.10%,Nvidia GeForce GT 730,5.30%,Nvidia,AMD
128,129,36282149,100%,91%,85%,Intel Core i5-9400F,90.60%,Nvidia RTX 2070,108.60%,Nvidia,Intel
129,130,36282159,41%,75%,34%,AMD FX-8350,70.50%,AMD RX 580,53.70%,AMD,AMD
130,131,36282164,95%,91%,90%,AMD Ryzen 5 3600,86.10%,Nvidia RTX 2060S (Super),106.40%,Nvidia,AMD
131,132,36282170,70%,96%,64%,Intel Core i5-10400F,92.30%,Nvidia GTX 1660S (Super),70%,Nvidia,Intel
132,133,36282173,28%,89%,28%,AMD Ryzen 5 3600,78.10%,Nvidia GTX 760,25.80%,Nvidia,AMD
133,134,36282181,13%,67%,12%,AMD Ryzen 5 3500U,64.20%,AMD Radeon Vega 8 Graphics,9.20%,AMD,AMD
134,135,36282191,72%,92%,61%,Intel Core i7-7700K,94.50%,Nvidia GTX 1070,75%,Nvidia,Intel
135,136,36282198,12%,84%,12%,Intel Core i7-10750H,91.30%,Intel UHD Graphics,2.30%,Intel,Intel
136,137,36282202,22%,82%,17%,Intel Core i5-3570K,76.50%,Nvidia GTX 1060-3GB,55.30%,Nvidia,Intel
137,138,36282211,32%,82%,26%,Intel Core i5-6600,75.90%,Nvidia GTX 770,35.50%,Nvidia,Intel
138,139,36282484,54%,97%,48%,AMD Ryzen 5 3500X,90.50%,AMD RX 570,49.90%,AMD,AMD
139,140,36282490,13%,47%,13%,AMD Ryzen 7 4800H,51%,AMD Radeon Graphics,8.30%,AMD,AMD
140,141,36282495,101%,101%,94%,Intel Core i5-10600K,102.40%,Nvidia GTX 1070,95%,Nvidia,Intel
141,142,36282500,102%,100%,106%,Intel Core i9-9900K,95.50%,Nvidia RTX 2070,104.90%,Nvidia,Intel
142,143,36282505,57%,96%,49%,Intel Core i7-6700K,87.30%,Nvidia GTX 980,57.30%,Nvidia,Intel
143,144,36282509,33%,92%,32%,AMD Ryzen 5 3600,88%,Nvidia GTX 1050-Ti,28.70%,Nvidia,AMD
144,145,36282523,70%,94%,70%,AMD Ryzen 9 4900HS,91.20%,Nvidia GeForce RTX 2060 with Max-Q Design,69.80%,Nvidia,AMD
145,146,36282532,31%,85%,27%,AMD Ryzen 3 3300X,84.10%,Nvidia GTX 960,34.60%,Nvidia,AMD
146,147,36282540,28%,78%,24%,Intel Core i7-8750H,68.90%,Nvidia GTX 1050-Ti (Mobile),31.50%,Nvidia,Intel
147,148,36282549,91%,88%,95%,AMD Ryzen 7 3700X,87.20%,Nvidia RTX 2070,103.70%,Nvidia,AMD
148,149,36282554,151%,102%,151%,Intel Core i9-9900KS,103.70%,Nvidia RTX 2080S (Super),145.90%,Nvidia,Intel
149,150,36282557,14%,67%,13%,AMD Ryzen 7 3700U,57.40%,AMD Radeon RX Vega 10 Graphics,9.70%,AMD,AMD
150,151,36282565,42%,75%,31%,Intel Core i3-4170,69.10%,Nvidia GTX 1650S (Super),60.80%,Nvidia,Intel
151,152,36282573,131%,101%,127%,Intel Core i9-9900K,92.70%,Nvidia RTX 2080S (Super),139.50%,Nvidia,Intel
152,154,36282581,6%,62%,5%,Intel Core i7-920,65.40%,Nvidia GTX 275,10.30%,Nvidia,Intel
153,155,36282586,56%,94%,54%,AMD Ryzen 7 3700X,85.30%,AMD RX 590,56.50%,AMD,AMD
154,156,36282591,73%,75%,62%,AMD FX-8370,71.30%,Nvidia GTX 1080,102.40%,Nvidia,AMD
155,157,36282594,38%,75%,36%,AMD Ryzen 5 2400G,63.50%,AMD RX 580,52.60%,AMD,AMD
156,158,36282599,113%,98%,108%,AMD Ryzen 5 3600,95.70%,AMD RX 5700-XT,116.10%,AMD,AMD
157,159,36282603,46%,84%,39%,Intel Core i7-7700,78.40%,Nvidia GTX 1060-6GB,53.90%,Nvidia,Intel
158,160,36282607,108%,99%,91%,Intel Core i5-8600K,96.60%,Nvidia GTX 1070-Ti,108.50%,Nvidia,Intel
159,161,36282612,45%,78%,42%,AMD Ryzen 5 1600,74%,AMD RX 580,53%,AMD,AMD
160,162,36282618,81%,81%,74%,AMD Ryzen 5 2600,78.70%,Nvidia RTX 2060S (Super),100.10%,Nvidia,AMD
161,163,36282622,103%,98%,106%,AMD Ryzen 7 3800X,93.50%,Nvidia RTX 2070,107.80%,Nvidia,AMD
162,164,36282624,120%,90%,110%,Intel Core i7-9700K,86.60%,Intel UHD Graphics 630,4.70%,Intel,Intel
163,165,36282757,75%,95%,76%,Intel Core i7-10700,94.50%,Nvidia GTX 1660-Ti,76.90%,Nvidia,Intel
164,166,36282760,7%,60%,6%,Intel Core i5-3230M,61.50%,Intel HD 4000 (Mobile 1.25 GHz),1.80%,Intel,Intel
165,167,36282763,102%,99%,87%,Intel Core i7-7700K,91.10%,Nvidia GTX 1080,107.10%,Nvidia,Intel
166,168,36282767,47%,87%,44%,AMD Ryzen 5 2600X,84.80%,Nvidia GTX 1650,47.20%,Nvidia,AMD
167,169,36282771,120%,89%,109%,AMD Ryzen 5 2600X,87.50%,Nvidia GTX 1080-Ti,134.60%,Nvidia,AMD
168,170,36282777,55%,91%,57%,AMD Ryzen 7 3700X,85.10%,Nvidia GTX 1060-6GB,59%,Nvidia,AMD
169,171,36282784,26%,86%,23%,Intel Xeon E3-1231 v3,81.70%,AMD R9 270,25.60%,AMD,Intel
170,172,36282790,14%,76%,13%,Intel Core i5-7300HQ,75.50%,Intel HD Graphics 630,6.70%,Intel,Intel
171,173,36282794,23%,76%,20%,Intel Core i7-7700HQ,68.50%,Nvidia GTX 1050 (Mobile),24.70%,Nvidia,Intel
172,174,36282798,40%,80%,37%,Intel Core i7-9750H,82.50%,Nvidia GTX 1650 (Mobile),46%,Nvidia,Intel
173,175,36282806,9%,61%,8%,Intel Core i7-7700HQ,69.30%,Intel HD Graphics 630,7.10%,Intel,Intel
174,176,36282809,11%,68%,9%,Intel Core i7-2600,70.40%,Nvidia GTX 560,13.50%,Nvidia,Intel
175,177,36282813,46%,77%,37%,Intel Core i7 960,75.50%,Nvidia GTX 1650S (Super),58%,Nvidia,Intel
176,178,36282821,82%,86%,77%,AMD Ryzen 5 2600X,80.20%,Nvidia RTX 2060S (Super),99.30%,Nvidia,AMD
177,179,36282822,80%,101%,69%,Intel Core i7-6700K,94%,Nvidia GTX 1070,78.50%,Nvidia,Intel
178,180,36282826,4%,28%,4%,Intel Core i7-2670QM,29.30%,Intel HD 3000 (Mobile V1 1.1/1.2 GHz),0.90%,Intel,Intel
179,181,36282832,149%,98%,139%,AMD Ryzen 5 3600,93.10%,Nvidia RTX 3070,159.60%,Nvidia,AMD
180,182,36282837,162%,96%,146%,Intel Core i5-10400,87%,Nvidia RTX 3080,186.10%,Nvidia,Intel
181,183,36282842,138%,97%,140%,AMD Ryzen 7 3800X,91.40%,Nvidia RTX 3060-Ti,149.80%,Nvidia,AMD
182,184,36282845,84%,91%,67%,Intel Core i3-9100F,83.20%,Nvidia RTX 2060,97%,Nvidia,Intel
183,185,36282853,3%,46%,3%,Intel Core i5-5300U,49.40%,Intel HD 5500 (Mobile 0.95 GHz),3.80%,Intel,Intel
184,186,36282859,78%,95%,68%,Intel Core i7-9700F,90.80%,Nvidia GTX 1070,83.50%,Nvidia,Intel
185,187,36282865,205%,89%,205%,AMD Ryzen 7 2700X,88.30%,Nvidia RTX 3080,237.90%,Nvidia,AMD
186,188,36282868,158%,81%,183%,AMD Ryzen 9 3900 12-Core,72.70%,Nvidia RTX 3080,220.60%,Nvidia,AMD
187,189,36282870,39%,68%,32%,AMD FX-8350,66.60%,Nvidia GeForce GTX 1060 6GB,58.50%,Nvidia,AMD
188,190,36282885,83%,97%,78%,AMD Ryzen 5 3600,97.90%,Nvidia GTX 1660S (Super),81.30%,Nvidia,AMD
189,191,36282888,121%,96%,113%,AMD Ryzen 5 3600,88.60%,Nvidia RTX 2070S (Super),134%,Nvidia,AMD
190,192,36282889,22%,74%,19%,AMD Athlon 3000G,61.60%,AMD Radeon RX 560-B,21.50%,AMD,AMD
191,193,36284437,17%,79%,14%,Intel Core i7-3770K,79.40%,Nvidia GTX 660,18.70%,Nvidia,Intel
192,194,36284444,21%,92%,20%,Intel Core i7-1165G7,78.80%,Intel Iris Xe,20.80%,Intel,Intel
193,195,36284453,12%,61%,10%,AMD Athlon II X4 860K,54.50%,AMD R7 360,17.90%,AMD,AMD
194,196,36284456,12%,73%,11%,Intel Core i7-8550U,70.10%,Intel UHD Graphics 620 (Mobile Kaby Lake R),5.70%,Intel,Intel
195,197,36284459,135%,95%,137%,AMD Ryzen 7 3800X,95.10%,Nvidia RTX 2080S (Super),142.60%,Nvidia,AMD
196,198,36284462,88%,90%,82%,AMD Ryzen 5 3600X,88.40%,Nvidia RTX 2060,95.90%,Nvidia,AMD
197,199,36284467,30%,83%,26%,Intel Core i7-7700HQ,76.70%,Nvidia GTX 1050-Ti (Mobile),30.20%,Nvidia,Intel
198,200,36284470,51%,82%,47%,AMD Ryzen 5 2600,78.30%,Nvidia GTX 1060-3GB,55.50%,Nvidia,AMD
199,201,36284478,120%,91%,111%,AMD Ryzen 5 3600X,87.10%,Nvidia RTX 2080,136.90%,Nvidia,AMD
200,202,36284486,63%,89%,63%,AMD Ryzen 5 3600,77.50%,Nvidia GTX 1660S (Super),75.70%,Nvidia,AMD
201,203,36284493,48%,93%,56%,AMD Ryzen 9 3900XT,82.30%,Nvidia GeForce GTX 1650,47.60%,Nvidia,AMD
202,204,36284495,8%,65%,8%,Intel Core i7-4600U,65.40%,Intel HD 4400 (Mobile 1.0/1.1 GHz),2.70%,Intel,Intel
203,205,36284501,187%,105%,187%,Intel Core i9-9900KS,105.40%,Nvidia RTX 2080-Ti,181.60%,Nvidia,Intel
204,206,36284506,12%,71%,11%,Intel Core i7-6700HQ,72.50%,Intel HD 530 (Mobile Skylake),5.40%,Intel,Intel
205,207,36284508,70%,95%,70%,AMD Ryzen 7 4800H,88.30%,Nvidia GTX 1660-Ti (Mobile),70.90%,Nvidia,AMD
206,208,36284519,24%,88%,23%,AMD Ryzen 5 3400G,77.80%,AMD Radeon RX Vega 11 Graphics,18.10%,AMD,AMD
207,209,36284521,48%,90%,45%,AMD Ryzen 5 2600,84.20%,Asus Radeon RX 570,47%,Other,AMD
208,210,36284524,63%,83%,48%,Intel Core i5-7400,78.90%,Nvidia GTX 1660-Ti,78.90%,Nvidia,Intel
209,211,36284528,96%,95%,97%,AMD Ryzen 7 3700X,89.30%,AMD RX 5700-XT,103.10%,AMD,AMD
210,212,36284532,236%,100%,267%,AMD Ryzen 9 3900XT,95%,Nvidia RTX 3090,254.40%,Nvidia,AMD
211,213,36284537,1%,38%,1%,AMD A10-9600P APU (2016 M.BR),39.10%,AMD Radeon R5 Graphics,4.30%,AMD,AMD
212,214,36284548,19%,77%,16%,Intel Core i5-3570,72.60%,AMD HD 7790,19.20%,AMD,Intel
213,215,36284550,25%,73%,20%,Intel Core i5-6400,73.30%,AMD RX 470,35%,AMD,Intel
214,216,36284558,2%,49%,1%,AMD A8-6600K APU,54.60%,Nvidia GeForce 9800 GT,6.50%,Nvidia,AMD
215,217,36284561,4%,39%,4%,AMD Ryzen 5 3500U,40.40%,AMD Radeon Vega 8 Graphics,2%,AMD,AMD
216,218,36284609,1%,64%,1%,Intel Core i5-4440,76.30%,Nvidia GeForce GT 630,3.40%,Nvidia,Intel
217,219,36284610,229%,100%,247%,Intel Core i9-10900KF,106.20%,Nvidia RTX 3080,223.20%,Nvidia,Intel
218,220,36284612,89%,97%,75%,Intel Core i7-4790K,88.40%,Nvidia GTX 1080,96.90%,Nvidia,Intel
219,221,36284614,12%,81%,11%,Intel Core i5-10600K,89.80%,Intel UHD Graphics 630,4.70%,Intel,Intel
220,222,36284618,36%,73%,27%,AMD FX-4350,65.70%,AMD RX 570,50.40%,AMD,AMD
221,223,36284621,75%,81%,73%,AMD Ryzen 7 2700X,78.40%,Nvidia RTX 2070,92.80%,Nvidia,AMD
222,224,36284623,70%,91%,66%,AMD Ryzen 5 1600X,83.60%,Nvidia GTX 1070,75.10%,Nvidia,AMD
223,225,36284628,93%,95%,82%,Intel Core i7-8700,95.20%,Nvidia RTX 2060,94.90%,Nvidia,Intel
224,226,36284632,74%,91%,63%,Intel Core i5-8400,86.10%,Nvidia GTX 1660-Ti,80.50%,Nvidia,Intel
225,227,36284635,1%,19%,1%,Intel Pentium N3710,21%,Intel HD Graphics,2.60%,Intel,Intel
226,228,36284640,46%,87%,37%,Intel Core i3-9100F,81.40%,AMD Radeon  RX 570 Graphics,50%,AMD,Intel
227,229,36284641,44%,83%,37%,Intel Core i7-4770,77.30%,Nvidia GTX 1060-3GB,52.40%,Nvidia,Intel
228,230,36284647,9%,61%,9%,AMD Ryzen 7 4800H,53%,AMD Radeon Graphics,7.30%,AMD,AMD
229,231,36284650,28%,70%,21%,Intel Core i5-7300HQ,62.90%,Nvidia GTX 1060 (Mobile Max-Q),40.10%,Nvidia,Intel
230,232,36284656,45%,81%,35%,Intel Core i5-6500,79%,Nvidia GTX 1060-3GB,55.50%,Nvidia,Intel
231,233,36284659,150%,92%,164%,Intel Core i9-10900X,86%,Nvidia RTX 3070,173.50%,Nvidia,Intel
232,234,36284664,5%,64%,5%,Intel Core i7-4700MQ,73.90%,Intel HD 4600 (Mobile 1.15 GHz),3.20%,Intel,Intel
233,235,36284681,142%,103%,123%,Intel Core i5-8600K,99.10%,Nvidia RTX 2080,142%,Nvidia,Intel
234,236,36284683,140%,98%,136%,AMD Ryzen 5 5600X,95.90%,Nvidia RTX 3060-Ti,145.60%,Nvidia,AMD
235,237,36284693,64%,83%,49%,Intel Core i5-3570,77.30%,Nvidia GTX 1070,80.30%,Nvidia,Intel
236,238,36284698,67%,90%,63%,AMD Ryzen 5 3600X,82.40%,Nvidia GTX 1660S (Super),74.50%,Nvidia,AMD
237,239,36284702,95%,96%,94%,AMD Ryzen 7 3700X,90.20%,AMD RX 5700-XT,100.80%,AMD,AMD
238,240,36284706,108%,94%,91%,Intel Core i7-7700K,88.80%,Nvidia GTX 1080-Ti,123.90%,Nvidia,Intel
239,241,36284707,112%,80%,114%,AMD Ryzen 7 1800X,80.60%,Nvidia GTX 1080-Ti,139.80%,Nvidia,AMD
240,242,36284713,4%,68%,4%,Intel Core i3-1005G1,65.60%,Intel UHD G1,4.90%,Intel,Intel
241,243,36284732,38%,88%,33%,Intel Core i5-9400,84.40%,Nvidia GTX 1650,40.60%,Nvidia,Intel
242,244,36285028,47%,86%,39%,Intel Core i5-9400F,84.10%,Nvidia GTX 1660-Ti,54.10%,Nvidia,Intel
243,245,36285036,41%,80%,40%,AMD Ryzen 7 1700,74.10%,AMD RX 580,44.60%,AMD,AMD
244,246,36285041,2%,45%,2%,Intel Core2 Duo E8600,43.70%,Nvidia Quadro 600,3%,Nvidia,Intel
245,247,36285049,190%,87%,178%,Intel Core i7-8700K,80%,Nvidia RTX 3090,245.50%,Nvidia,Intel
246,248,36285058,33%,71%,26%,AMD FX-6350 Six-Core,65.50%,AMD R9 290,48.30%,AMD,AMD
247,249,36285066,86%,90%,82%,AMD Ryzen 5 3600,83.50%,Nvidia RTX 2060S (Super),99.90%,Nvidia,AMD
248,250,36285069,63%,74%,48%,Intel Core i5-3570,72.20%,Nvidia RTX 2060,93.30%,Nvidia,Intel
249,251,36285119,103%,90%,94%,AMD Ryzen 7 3700X,80.90%,Nvidia RTX 2070S (Super),122.90%,Nvidia,AMD
250,252,36285129,87%,91%,73%,Intel Core i7-6700K,88.20%,Nvidia GTX 1070-Ti,96.80%,Nvidia,Intel
251,253,36285132,99%,100%,96%,Intel Core i7-9700K,100.60%,Nvidia RTX 2060,94.90%,Nvidia,Intel
252,254,36285136,9%,62%,8%,Intel Core i7-3770,67%,Nvidia GeForce GT 640,5.20%,Nvidia,Intel
253,255,36285137,172%,92%,173%,AMD Ryzen 7 3700X,93%,Nvidia RTX 2080-Ti,188.90%,Nvidia,AMD
254,256,36285143,0%,16%,0%,AMD E-450 APU,16.80%,AMD Radeon HD 6320,0.80%,AMD,AMD
255,257,36285146,23%,76%,20%,Intel Core i7-4770K,68.40%,Nvidia GTX 1050-Ti,28%,Nvidia,Intel
256,258,36285148,42%,81%,33%,Intel Core i5-6500,77.10%,AMD RX 470,48.20%,AMD,Intel
257,259,36285151,9%,67%,8%,Intel Core i7-7500U,68.90%,Nvidia 940MX,9.10%,Nvidia,Intel
258,260,36285154,73%,97%,66%,Intel Core i7-10750H,93.30%,Nvidia RTX 2060 (Mobile),73.40%,Nvidia,Intel
259,261,36285157,30%,69%,24%,Intel Core i5-7300HQ,61.80%,Nvidia GTX 1060 (Mobile Max-Q),45.10%,Nvidia,Intel
260,262,36285159,85%,92%,84%,AMD Ryzen 7 2700X,87.20%,Nvidia GTX 1070,90.80%,Nvidia,AMD
261,263,36285165,4%,50%,4%,Intel Core i7-4500U,53.20%,Intel HD 4400 (Mobile 1.0/1.1 GHz),3.10%,Intel,Intel
262,264,36285206,34%,76%,27%,Intel Core i5-3570K,65.90%,Nvidia GTX 1060-3GB,50.30%,Nvidia,Intel
263,265,36285207,123%,109%,120%,Intel Core i9-9900KF,105.50%,Nvidia GTX 1080,113.20%,Nvidia,Intel
264,266,36285212,68%,90%,65%,AMD Ryzen 5 3600X,85%,Nvidia GTX 1660-Ti,77.60%,Nvidia,AMD
265,267,36285237,118%,99%,112%,AMD Ryzen 5 5600X,96.90%,Nvidia RTX 2070S (Super),121.50%,Nvidia,AMD
266,268,36285245,40%,92%,35%,Intel Core i7-9750H,86.20%,Nvidia GTX 1650 (Mobile),42.80%,Nvidia,Intel
267,269,36285250,65%,98%,57%,Intel Core i5-9600K,99.90%,Nvidia GTX 1060-6GB,59.10%,Nvidia,Intel
268,270,36285255,103%,90%,96%,AMD Ryzen 5 3600,86.70%,Nvidia RTX 2060S (Super),115.90%,Nvidia,AMD
269,271,36285263,46%,85%,38%,Intel Core i5-8400,82.40%,Nvidia GTX 1060-3GB,53.40%,Nvidia,Intel
270,272,36285269,14%,58%,14%,AMD Ryzen 7 4800H,59.70%,AMD Radeon Graphics,8.50%,AMD,AMD
271,273,36285272,19%,86%,18%,Intel Xeon E-2186M,88.40%,Intel UHD Graphics P630,10.70%,Intel,Intel
272,274,36285279,82%,100%,79%,Intel Core i7-8700K,93.70%,Nvidia GTX 980-Ti,81.70%,Nvidia,Intel
273,275,36285281,94%,93%,88%,AMD Ryzen 5 3600XT,87%,AMD RX 5700-XT,103.40%,AMD,AMD
274,276,36285286,23%,83%,22%,AMD Ryzen 5 2600,81.10%,Nvidia GTX 750-Ti,17.20%,Nvidia,AMD
275,277,36285314,140%,100%,144%,AMD Ryzen 7 PRO 3700 8-Core,95.60%,Nvidia RTX 2080S (Super),145.40%,Nvidia,AMD
276,278,36285317,58%,102%,47%,Intel Core i5-6600K,93.50%,Nvidia GTX 1060-6GB,53.60%,Nvidia,Intel
277,279,36285321,145%,93%,137%,AMD Ryzen 5 3600,86.10%,Nvidia RTX 3070,169.50%,Nvidia,AMD
278,280,36285326,3%,46%,2%,Intel Core i3 540,47.30%,ATI FirePro V4800 (FireGL V),5.80%,Other,Intel
279,281,36285329,41%,85%,33%,Intel Core i5-4590,78.80%,Nvidia GTX 970,48%,Nvidia,Intel
280,282,36285333,105%,98%,101%,Intel Core i7-10875H,95.20%,Nvidia RTX 2070S (Super Mobile),107.30%,Nvidia,Intel
281,283,36285334,13%,90%,13%,Intel Core i7-9700K,103.50%,Intel UHD Graphics 630,4.60%,Intel,Intel
282,285,36285372,76%,83%,73%,AMD Ryzen 5 3600XT,83.60%,Nvidia RTX 2060,92.40%,Nvidia,AMD
283,286,36285373,18%,89%,16%,Intel Core i7-1065G7,83.20%,Intel Iris Plus G7,11.30%,Intel,Intel
284,287,36285377,84%,84%,81%,AMD Ryzen 5 3600,79.50%,AMD RX 5700-XT,103.40%,AMD,AMD
285,288,36285380,6%,48%,6%,Intel Core i7-6820HQ,43.70%,Intel HD 530 (Mobile Skylake),5.20%,Intel,Intel
286,289,36285385,193%,105%,194%,Intel Core i9-9900KF,101.60%,Nvidia RTX 3070,192.60%,Nvidia,Intel
287,290,36285388,119%,101%,133%,AMD Ryzen 9 3900X,96.40%,AMD RX 5700-XT,119.90%,AMD,AMD
288,291,36285394,70%,90%,66%,AMD Ryzen 5 3600X,84.30%,Nvidia GTX 1660-Ti,79.90%,Nvidia,AMD
289,292,36285397,25%,77%,21%,Intel Core i5-9300H,69.10%,Nvidia GTX 1650 (Mobile),24.50%,Nvidia,Intel
290,293,36285465,81%,81%,79%,AMD Ryzen 7 2700X,77.90%,Nvidia RTX 2070,101.70%,Nvidia,AMD
291,295,36285468,4%,52%,4%,Intel Core i5-3570K,65%,Intel HD 4000 (Desktop 1.15 GHz),1.80%,Intel,Intel
292,296,36285470,6%,62%,5%,Intel Core i5-3570K,72.40%,Intel HD 4000 (Desktop 1.15 GHz),3.20%,Intel,Intel
293,297,36285477,87%,96%,82%,AMD Ryzen 5 3600XT,90.20%,Nvidia RTX 2060,92%,Nvidia,AMD
294,298,36285486,17%,67%,13%,AMD FX-6300,63.30%,Nvidia GTX 760,25%,Nvidia,AMD
295,299,36285488,115%,85%,110%,AMD Ryzen 5 3600X,83.30%,Nvidia RTX 2080,139.80%,Nvidia,AMD
296,300,36285517,32%,77%,25%,Intel Core i5-4590,69%,AMD RX 480,40.70%,AMD,Intel
297,301,36285520,47%,93%,41%,Intel Core i7-6700K,80.10%,Nvidia GTX 970,49.80%,Nvidia,Intel
298,302,36285523,93%,98%,136%,AMD Ryzen TR 3960X,92.20%,Nvidia RTX 3090,95%,Nvidia,AMD
299,303,36285532,60%,78%,57%,AMD Ryzen 5 3600,70.70%,Nvidia RTX 2060,81.20%,Nvidia,AMD
300,304,36285537,58%,87%,49%,Intel Core i5-9400,84%,Nvidia GTX 1660,67.50%,Nvidia,Intel
301,305,36285542,17%,94%,17%,Intel Core i7-9700K,100.80%,Intel UHD Graphics 630,5.40%,Intel,Intel
302,306,36285547,18%,74%,14%,Intel Core i5-6400,71.60%,Nvidia GTX 950,25%,Nvidia,Intel
303,307,36285549,97%,92%,91%,AMD Ryzen 5 3600,88.60%,AMD RX 5700-XT,106%,AMD,AMD
304,308,36285554,107%,97%,99%,AMD Ryzen 5 3600X,95.40%,AMD RX 5700-XT,109%,AMD,AMD
305,309,36285557,9%,67%,9%,Intel Core i7-3840QM,72.40%,Intel HD 4000 (Mobile 1.25 GHz),3.90%,Intel,Intel
306,310,36285560,99%,97%,94%,Intel Core i7-9700K,97.50%,Nvidia RTX 2070,100.30%,Nvidia,Intel
307,311,36285563,80%,96%,76%,AMD Ryzen 5 3600,87.10%,Nvidia GTX 1070,84.20%,Nvidia,AMD
308,312,36285567,40%,87%,33%,Intel Core i3-9100F,81.40%,Nvidia GTX 1650,45.70%,Nvidia,Intel
309,313,36285568,11%,63%,9%,Intel Core i7-5500U,54%,AMD Radeon  R9 M375,10.10%,AMD,Intel
310,314,36285635,12%,68%,11%,Intel Core i5-8265U,68.60%,Intel UHD Graphics 620,5.80%,Intel,Intel
311,315,36290407,164%,103%,167%,AMD Ryzen 7 5800X,100.70%,Nvidia RTX 3070,165.80%,Nvidia,AMD
312,316,36290411,95%,94%,89%,AMD Ryzen 5 3600X,87.40%,AMD RX 5700-XT,104%,AMD,AMD
313,317,36290413,39%,90%,34%,Intel Core i7-6700K,87.60%,Nvidia GTX 960,38.60%,Nvidia,Intel
314,318,36290420,27%,82%,23%,Intel Core i5-7600K,69.70%,Nvidia GTX 1050-Ti,29.60%,Nvidia,Intel
315,319,36290421,11%,72%,10%,Intel Core i7-4940MX,72.60%,Nvidia Quadro K2100M,6.80%,Nvidia,Intel
316,320,36290424,103%,98%,93%,Intel Core i7-8700K,98%,Nvidia GTX 1080,101.20%,Nvidia,Intel
317,321,36290431,19%,84%,16%,Intel Core i5-9600K,86.30%,AMD RX 570,22.70%,AMD,Intel
318,322,36290433,127%,96%,108%,Intel Core i5-9600K,97%,Nvidia RTX 2070S (Super),131.30%,Nvidia,Intel
319,323,36290438,116%,79%,96%,Intel Core i7-6700,73.60%,Nvidia RTX 2080-Ti,158.70%,Nvidia,Intel
320,324,36290445,35%,82%,30%,Intel Core i7-3770K,76.80%,AMD RX 570,40.90%,AMD,Intel
321,325,36290447,77%,83%,68%,Intel Core i7-8700K,83.80%,Nvidia GTX 1070-Ti,91.60%,Nvidia,Intel
322,326,36290467,208%,98%,209%,Intel Core i9-9900K,94.40%,Nvidia RTX 3090,226.60%,Nvidia,Intel
323,327,36290470,182%,93%,181%,AMD Ryzen 7 3700X,91.20%,Nvidia RTX 3080,204.50%,Nvidia,AMD
324,328,36290471,27%,69%,20%,Intel Pentium G4400,55.20%,Nvidia GTX 780,44.80%,Nvidia,Intel
325,329,36290473,15%,93%,14%,Intel Core i7-10750H,96.40%,Intel UHD Graphics,9.30%,Intel,Intel
326,330,36290477,94%,100%,81%,Intel Core i5-8600K,101.10%,Nvidia GTX 1070,88.40%,Nvidia,Intel
327,331,36290481,188%,89%,175%,AMD Ryzen 5 3600,87.70%,Nvidia RTX 3080,220.40%,Nvidia,AMD
328,332,36290484,25%,93%,26%,AMD Ryzen 7 4800H,88.40%,AMD Radeon Graphics,17.90%,AMD,AMD
329,333,36290487,79%,97%,73%,Intel Core i7-10700F,100.40%,Nvidia GTX 1660-Ti,77.40%,Nvidia,Intel
330,334,36290490,73%,86%,71%,AMD Ryzen 5 3600X,80.30%,Nvidia RTX 2060,87.80%,Nvidia,AMD
331,335,36290496,83%,90%,76%,Intel Core i5-10400,85.40%,Nvidia RTX 2060,94.20%,Nvidia,Intel
332,336,36290498,6%,63%,5%,Intel Core i7-4710HQ,73.40%,Intel HD 4600 (Mobile 1.15 GHz),4.80%,Intel,Intel
333,337,36290519,279%,109%,303%,Intel Core i9-10900KF,107.90%,Nvidia RTX 3090,267.20%,Nvidia,Intel
334,338,36290523,88%,100%,100%,AMD Ryzen 9 3900X,94.30%,Nvidia GTX 1070,87.40%,Nvidia,AMD
335,339,36290524,77%,90%,74%,AMD Ryzen 5 3600,80.40%,AMD RX 5600-XT,89.70%,AMD,AMD
336,340,36290526,64%,89%,54%,Intel Core i5-9400F,87.30%,Nvidia GTX 1660,71.80%,Nvidia,Intel
337,341,36290530,108%,103%,97%,AMD Ryzen 5 5600X,102.50%,AMD RX 5700-XT,102.30%,AMD,AMD
338,342,36290531,134%,107%,127%,AMD Ryzen 9 5900X,101.10%,Nvidia GTX 1080-Ti,130.70%,Nvidia,AMD
339,343,36290534,52%,88%,41%,Intel Core i5-7500,80%,Nvidia GTX 1060-6GB,58.70%,Nvidia,Intel
340,344,36290537,2%,43%,2%,Intel Core i3 530,42.70%,AMD Radeon HD 5450,1%,AMD,Intel
341,345,36290542,55%,86%,49%,AMD Ryzen 3 3100,79.60%,Nvidia GTX 1650S (Super),61.20%,Nvidia,AMD
342,346,36290547,71%,91%,70%,AMD Ryzen 7 3700X,87.90%,Nvidia GTX 1070,75.70%,Nvidia,AMD
343,347,36290551,94%,86%,98%,AMD Ryzen 7 3800X,88.70%,Nvidia RTX 2070,108.70%,Nvidia,AMD
344,348,36290555,34%,85%,28%,Intel Core i5-6500,79.80%,AMD R9 380,35.80%,AMD,Intel
345,349,36290592,84%,91%,85%,AMD Ryzen 7 3700X,85.70%,AMD RX 5700-XT,94.60%,AMD,AMD
346,350,36290598,88%,94%,83%,AMD Ryzen 5 3600,85.60%,Nvidia GTX 1080,97.40%,Nvidia,AMD
347,351,36290603,59%,82%,56%,AMD Ryzen 5 2600X,71.20%,Nvidia GTX 1660-Ti,75%,Nvidia,AMD
348,352,36290606,47%,92%,38%,Intel Core i5-7500,82.40%,Nvidia GTX 1060-3GB,49.30%,Nvidia,Intel
349,353,36290612,116%,97%,110%,Intel Core i7-9700F,98.30%,Nvidia RTX 2070,116%,Nvidia,Intel
350,354,36290617,79%,86%,66%,Intel Core i7-6700,82.10%,Nvidia RTX 2060,93.40%,Nvidia,Intel
351,355,36290666,104%,86%,95%,Intel Core i7-9700K,81%,Nvidia RTX 2080S (Super),126.70%,Nvidia,Intel
352,356,36290673,77%,80%,73%,AMD Ryzen 7 2700,75.30%,Nvidia RTX 2060S (Super),96.30%,Nvidia,AMD
353,357,36290676,143%,104%,144%,Intel Core i7-10700K,101.50%,Nvidia GTX 1080-Ti,139.90%,Nvidia,Intel
354,358,36290692,3%,52%,2%,Intel Core i3-5015U,52.90%,Intel HD 5500 (Mobile 0.95 GHz),3.40%,Intel,Intel
355,359,36290695,120%,99%,105%,Intel Core i7-8700,95.10%,Nvidia GTX 1080-Ti,125.30%,Nvidia,Intel
356,360,36290697,63%,93%,57%,Intel Core i7-9750H,89.60%,Nvidia RTX 2060 (Mobile),64.80%,Nvidia,Intel
357,361,36290699,78%,94%,70%,Intel Core i7-9700K,92.80%,Nvidia RTX 2060,85.90%,Nvidia,Intel
358,362,36290702,58%,107%,61%,Intel Core i9-10900,103.80%,Nvidia GTX 1650,47.80%,Nvidia,Intel
359,363,36290705,19%,72%,15%,Intel Core i3-7100,60.20%,AMD RX 470,27%,AMD,Intel
360,364,36290706,17%,69%,16%,AMD Ryzen 5 3400GE Vega Graphics,62.70%,AMD Radeon RX Vega 11 Graphics,14.50%,AMD,AMD
361,365,36290712,22%,72%,18%,Intel Core i7-3770,71%,Nvidia GTX 680,32.30%,Nvidia,Intel
362,366,36290714,3%,53%,3%,Intel Core i7-7500U,57.40%,Intel HD 620 (Mobile Kaby Lake),4.90%,Intel,Intel
363,367,36290715,41%,72%,32%,Intel Core i5-7500,67%,Nvidia GTX 1060-6GB,57%,Nvidia,Intel
364,368,36290720,212%,95%,380%,AMD Ryzen TR 3970X,85.30%,Nvidia RTX 3090,253.20%,Nvidia,AMD
365,369,36290724,82%,93%,78%,AMD Ryzen 5 3600X,89.60%,Nvidia RTX 2060,86.10%,Nvidia,AMD
366,370,36290726,124%,100%,122%,Intel Core i9-9900KF,98.30%,Nvidia RTX 2070S (Super),126.30%,Nvidia,Intel
367,371,36290727,5%,51%,4%,Intel Core i5-6200U,52.60%,Intel HD 520 (Mobile Skylake),4.40%,Intel,Intel
368,372,36290729,58%,85%,57%,AMD Ryzen 5 3600,79.20%,Nvidia GTX 1660,71.10%,Nvidia,AMD
369,373,36290732,128%,96%,109%,Intel Core i5-9600K,96.50%,Nvidia RTX 2070S (Super),132.50%,Nvidia,Intel
370,374,36290735,20%,82%,16%,Intel Core i5-3570K,78.70%,Nvidia GTX 750-Ti,18.10%,Nvidia,Intel
371,375,36290740,30%,89%,24%,Intel Core i5-4670K,88.50%,Nvidia GTX 770,31.40%,Nvidia,Intel
372,376,36290744,90%,87%,82%,Intel Xeon E5-1650 v2,84.30%,Nvidia GTX 1080,105.40%,Nvidia,Intel
373,377,36290746,69%,93%,63%,Intel Core i5-10600KF,95.90%,Nvidia GTX 1660S (Super),72.50%,Nvidia,Intel
374,378,36290751,5%,54%,5%,Intel Core i7-7700HQ,59.80%,Intel HD Graphics 630,7.60%,Intel,Intel
375,379,36290757,46%,82%,43%,AMD Ryzen 5 1600X,78.90%,Nvidia GTX 1060-6GB,49.40%,Nvidia,AMD
376,380,36290758,78%,97%,72%,Intel Core i7-10700F,99.90%,Nvidia GTX 1660-Ti,77.20%,Nvidia,Intel
377,381,36290760,65%,80%,59%,AMD Ryzen 5 1600AF,72.50%,Nvidia GTX 1660-Ti,81.90%,Nvidia,AMD
378,382,36291206,74%,89%,65%,Intel Core i7-4770K,80.30%,Nvidia GTX 1070,88.80%,Nvidia,Intel
379,383,36291247,138%,96%,209%,AMD Ryzen TR 3960X,89.50%,Nvidia RTX 2080S (Super),152.20%,Nvidia,AMD
380,384,36291250,2%,34%,2%,Intel Celeron N4100,37.60%,Intel UHD Graphics 600,1.60%,Intel,Intel
381,385,36291290,91%,88%,75%,Intel Core i7-4790K,86%,Nvidia GTX 1080,103.10%,Nvidia,Intel
382,386,36291291,10%,66%,8%,Intel Core i5-8250U,63.70%,Nvidia MX150-0,14.50%,Nvidia,Intel
383,387,36291910,46%,81%,42%,AMD Ryzen 5 2600X,76.70%,Nvidia GTX 1060-6GB,53.80%,Nvidia,AMD
384,388,36291912,73%,76%,66%,AMD Ryzen 5 1400,58.80%,Nvidia RTX 2070S (Super),116.70%,Nvidia,AMD
385,389,36291913,12%,64%,11%,AMD Ryzen 5 2500U,63.80%,AMD RX Vega 8 (Ryzen iGPU),9.40%,AMD,AMD
386,390,36291914,18%,86%,17%,AMD Ryzen 5 4600H,88.70%,AMD Radeon Graphics,13.30%,AMD,AMD
387,391,36291916,57%,98%,59%,Intel Core i7-10700K,93.30%,Nvidia GTX 970,53.30%,Nvidia,Intel
388,393,36291919,8%,55%,8%,Intel Core i7-10510U,56.60%,Intel UHD Graphics,5.20%,Intel,Intel
389,394,36291921,46%,84%,38%,Intel Core i7-8750H,84.40%,Nvidia GTX 1060 (Mobile),53%,Nvidia,Intel
390,395,36291924,18%,74%,16%,AMD Ryzen 3 3200G,74.10%,AMD Radeon Vega 8 Graphics,12.50%,AMD,AMD
391,396,36291926,58%,67%,51%,AMD Ryzen 5 1500X,59.70%,Nvidia GTX 1080,90.80%,Nvidia,AMD
392,398,36291933,29%,79%,25%,Intel Core i7-7700HQ,72.90%,Nvidia GTX 1050-Ti (Mobile),30.50%,Nvidia,Intel
393,399,36291934,67%,104%,64%,Intel Core i7-8700K,98.80%,Nvidia GTX 1080,61.60%,Nvidia,Intel
394,400,36291935,84%,83%,85%,AMD Ryzen 7 1700X,78.20%,Nvidia RTX 2060S (Super),102.70%,Nvidia,AMD
395,401,36291937,90%,87%,93%,AMD Ryzen 7 3700X,86.60%,Nvidia RTX 2060S (Super),102.90%,Nvidia,AMD
396,402,36291945,58%,92%,54%,AMD Ryzen 5 3600,90.60%,Nvidia GTX 1060-6GB,57%,Nvidia,AMD
397,403,36291948,49%,90%,41%,Intel Core i5-9600K,96.70%,AMD RX 570,51.20%,AMD,Intel
398,404,36291952,233%,103%,235%,Intel Core i7-10700K,99.50%,Nvidia RTX 3090,242.10%,Nvidia,Intel
399,405,36291957,21%,84%,20%,AMD Ryzen 5 3600,85.80%,Nvidia GTX 750-Ti,17%,Nvidia,AMD
400,406,36291959,30%,97%,30%,AMD Ryzen 9 4900HS,92.10%,AMD Radeon Graphics,21.10%,AMD,AMD
401,407,36291961,222%,103%,236%,Intel Core i9-10900K,100.70%,Nvidia RTX 3090,228.50%,Nvidia,Intel
402,408,36291965,171%,100%,162%,Intel Core i7-9700K,102%,Nvidia RTX 3070,169.90%,Nvidia,Intel
403,409,36291974,59%,92%,53%,AMD Ryzen 3 3100,81.10%,Nvidia GTX 1650S (Super),63.60%,Nvidia,AMD
404,410,36291976,116%,93%,118%,AMD Ryzen 7 2700X,87.60%,Nvidia RTX 2070S (Super),128.50%,Nvidia,AMD
405,412,36291978,30%,87%,26%,Intel Core i5-8400,89.10%,Nvidia GTX 1050-Ti,28.90%,Nvidia,Intel
406,413,36291980,102%,106%,88%,Intel Core i5-9600KF,104.30%,Nvidia GTX 980-Ti,93.10%,Nvidia,Intel
407,414,36291984,134%,101%,123%,Intel Core i7-8086K,95.20%,Nvidia GTX 1080-Ti,138.60%,Nvidia,Intel
408,415,36291985,83%,86%,78%,AMD Ryzen 5 2600X,81.40%,AMD RX 5700-XT,102.10%,AMD,AMD
409,416,36291994,52%,94%,44%,Intel Core i5-8400,86.20%,Nvidia GTX 1060-3GB,53.30%,Nvidia,Intel
410,417,36291996,213%,98%,200%,Intel Core i7-9700K,100.30%,Nvidia RTX 3090,220.60%,Nvidia,Intel
411,418,36291997,12%,72%,11%,Intel Core i7-4810MQ,76.10%,Nvidia Quadro K2100M,7.20%,Nvidia,Intel
412,419,36291999,11%,58%,10%,AMD Ryzen 3 3200G,56.20%,AMD Radeon Vega 8 Graphics,11.50%,AMD,AMD
413,420,36292021,28%,75%,26%,AMD Ryzen 5 1600,66.90%,Nvidia GTX 1050-Ti,31.90%,Nvidia,AMD
414,421,36292024,88%,97%,81%,Intel Core i5-10400,93%,Nvidia RTX 2060,91.20%,Nvidia,Intel
415,422,36292026,15%,90%,15%,Intel Core i9-10900K,102.70%,Intel UHD Graphics 630,5.40%,Intel,Intel
416,423,36292070,17%,87%,16%,Intel Core i5-9300H,86.30%,Intel UHD Graphics 630,8.80%,Intel,Intel
417,424,36292071,78%,90%,83%,AMD Ryzen 7 3700X,82.20%,AMD RX 5600-XT,90.30%,AMD,AMD
418,425,36292074,52%,90%,50%,AMD Ryzen 5 3600X,86.70%,Nvidia GTX 1080,52.70%,Nvidia,AMD
419,426,36292079,130%,97%,142%,Intel Core i9-7940X,97.80%,Nvidia GTX 1080-Ti,132.30%,Nvidia,Intel
420,427,36292083,72%,85%,71%,AMD Ryzen 7 2700X,83.40%,Nvidia GTX 1070-Ti,80.90%,Nvidia,AMD
421,428,36292084,15%,66%,12%,AMD FX-8320,63.80%,Nvidia GTX 760,22.30%,Nvidia,AMD
422,429,36292085,150%,97%,151%,AMD Ryzen 7 3700X,91.90%,Nvidia RTX 3060-Ti,163.80%,Nvidia,AMD
423,430,36292086,7%,41%,6%,AMD Ryzen 7 3750H,40.80%,AMD Radeon RX Vega 10 Graphics,5%,AMD,AMD
424,431,36292087,27%,78%,22%,Intel Core i7 860,78.30%,AMD HD 7950,35.10%,AMD,Intel
425,432,36292089,65%,75%,55%,AMD Ryzen 5 3400G,72.10%,Nvidia RTX 2060,89.30%,Nvidia,AMD
426,433,36292093,249%,108%,254%,Intel Core i9-9900K,106.30%,Nvidia RTX 3080,240.30%,Nvidia,Intel
427,434,36292098,6%,29%,6%,Intel Core i7-4720HQ,33.90%,Intel HD 4600 (Mobile 1.15 GHz),2.40%,Intel,Intel
428,436,36292103,116%,99%,112%,Intel Core i9-10980HK,97.20%,Nvidia RTX 2080S (Super Mobile),118.10%,Nvidia,Intel
429,437,36292104,87%,98%,79%,Intel Core i7-10750H,90.40%,Nvidia RTX 2070 (Mobile),91.20%,Nvidia,Intel
430,438,36292112,229%,105%,233%,Intel Core i9-9900K,102.60%,Nvidia RTX 3080,229.50%,Nvidia,Intel
431,439,36292117,99%,87%,93%,AMD Ryzen 5 2600,82.60%,Nvidia RTX 2070,115%,Nvidia,AMD
432,440,36292124,90%,91%,78%,Intel Core i7-6700K,85.40%,Nvidia GTX 1080,103.80%,Nvidia,Intel
433,441,36292125,16%,72%,15%,AMD Ryzen 3 2200G,74.30%,AMD RX Vega 8 (Ryzen iGPU),11.10%,AMD,AMD
434,442,36292128,1%,47%,1%,AMD A10-6700 APU (2013 D.Ri),58.30%,AMD Radeon HD 8670D,3%,AMD,AMD
435,443,36292130,170%,106%,167%,AMD Ryzen 7 5800X,103.30%,Nvidia RTX 3070,165%,Nvidia,AMD
436,444,36292137,16%,74%,14%,AMD Ryzen 3 3200G,77.20%,AMD Radeon Vega 8 Graphics,12.90%,AMD,AMD
437,445,36292139,115%,107%,99%,Intel Core i7-8700K,103.70%,Nvidia GTX 1080,107.40%,Nvidia,Intel
438,446,36292145,4%,61%,4%,Intel Core i5-2300,70.80%,Intel HD 2000 (Desktop 1.1 GHz),0.80%,Intel,Intel
439,447,36292150,64%,82%,52%,Intel Core i7-2600,77.70%,Nvidia GTX 1660-Ti,80.60%,Nvidia,Intel
440,448,36292152,94%,86%,92%,AMD Ryzen 5 3600,77.80%,AMD RX 5700-XT,116.50%,AMD,AMD
441,449,36292155,2%,52%,2%,Intel Pentium G2020,50.50%,Intel HD 2500 (Desktop 1.05 GHz),1.30%,Intel,Intel
442,450,36292157,49%,94%,40%,Intel Core i3-9100F,91.10%,AMD RX 570,48%,AMD,Intel
443,451,36292167,91%,91%,84%,AMD Ryzen 5 3600,88.70%,Nvidia RTX 2070,99.40%,Nvidia,AMD
444,452,36292171,101%,95%,99%,AMD Ryzen 7 3700X,88.50%,Nvidia GTX 1080,109.50%,Nvidia,AMD
445,453,36292173,48%,81%,45%,AMD Ryzen 5 1600,76.10%,AMD RX 570,53.40%,AMD,AMD
446,455,36292179,94%,69%,122%,AMD Ryzen 9 3900X,60.80%,Nvidia RTX 2080-Ti,147.70%,Nvidia,AMD
447,456,36292180,50%,81%,42%,Intel Core i7-1065G7,64.40%,Nvidia GTX 1070-Ti,65%,Nvidia,Intel
448,457,36292181,8%,71%,8%,Intel Core i7-8750H,80.10%,Intel UHD Graphics 630,8.60%,Intel,Intel
449,458,36292186,93%,100%,86%,Intel Core i7-9700K,99.60%,Nvidia RTX 2060,90.70%,Nvidia,Intel
450,459,36292189,103%,98%,104%,AMD Ryzen 7 3700X,91.30%,AMD RX 5700-XT,108.60%,AMD,AMD
451,460,36292191,8%,70%,8%,Intel Core i7-3770,77.20%,Nvidia GeForce GT 630,3%,Nvidia,Intel
452,461,36292197,113%,88%,104%,AMD Ryzen 5 2600X,85.50%,Nvidia GTX 1080-Ti,128.50%,Nvidia,AMD
453,462,36292199,124%,105%,118%,Intel Core i7-9700K,102.40%,Nvidia RTX 2070,117.70%,Nvidia,Intel
454,463,36292201,3%,40%,2%,AMD Phenom 8650 Triple-Core,36.90%,AMD HD 7770,13.30%,AMD,AMD
455,464,36292202,156%,95%,144%,Intel Core i7-8700K,96.10%,Nvidia RTX 2080-Ti,166.60%,Nvidia,Intel
456,465,36292204,14%,71%,11%,Intel Core i3-3220,64%,Nvidia GTX 750-Ti,17.60%,Nvidia,Intel
457,466,36292210,72%,96%,66%,Intel Core i5-10400,91.90%,Nvidia RTX 2060S (Super),71.50%,Nvidia,Intel
458,467,36292215,54%,96%,44%,Intel Core i3-9100,86.70%,AMD RX 580,54.50%,AMD,Intel
459,468,36292218,69%,94%,58%,Intel Core i5-9400F,89.90%,Nvidia GTX 1660S (Super),70.90%,Nvidia,Intel
460,469,36292219,138%,97%,207%,AMD Ryzen TR 3960X,93.30%,Nvidia RTX 2080S (Super),150.80%,Nvidia,AMD
461,470,36292227,10%,60%,8%,AMD FX-6300,61.10%,AMD Radeon RX550/550,14.30%,AMD,AMD
462,471,36292229,7%,58%,6%,Intel Core i5-4210U,56.10%,Nvidia GeForce 840M,6.20%,Nvidia,Intel
463,472,36292233,179%,103%,184%,AMD Ryzen 7 5800X,100.10%,AMD RX 6800-XT,180.40%,AMD,AMD
464,473,36292235,104%,106%,106%,AMD Ryzen 7 5800X,103.90%,Nvidia GTX 1070-Ti,96.50%,Nvidia,AMD
465,474,36292237,86%,93%,88%,AMD Ryzen 7 3700X,88.20%,Nvidia RTX 2060S (Super),93.60%,Nvidia,AMD
466,475,36292239,70%,83%,61%,AMD Ryzen 5 2600,85.10%,Nvidia GTX 1070,79%,Nvidia,AMD
467,476,36292249,13%,72%,10%,Intel Xeon E3-1240,73.90%,Nvidia GTX 650-Ti,15.80%,Nvidia,Intel
468,477,36292252,55%,74%,43%,Intel Core i5-4690K,66%,Nvidia GTX 980-Ti,82%,Nvidia,Intel
469,478,36292253,116%,99%,109%,AMD Ryzen 5 3600,92.10%,AMD RX 5700-XT,121.60%,AMD,AMD
470,479,36292255,122%,109%,131%,Intel Core i9-10900K,105.80%,Nvidia RTX 3090,112.50%,Nvidia,Intel
471,480,36292258,35%,97%,38%,AMD Ryzen 9 3900X,91.50%,Nvidia RTX 2080,27.10%,Nvidia,AMD
472,481,36292265,111%,92%,92%,Intel Core i7-7700K,93.80%,AMD RX 5700-XT,118.60%,AMD,Intel
473,482,36292268,6%,46%,6%,"AMD FX-8800P Radeon R7, 12 Compute Cores 4C+8G",44.70%,AMD Radeon R7 Graphics,6%,AMD,AMD
474,483,36292270,91%,92%,84%,Intel Core i7-10875H,78.50%,Nvidia RTX 2070S (Super Mobile),109.70%,Nvidia,Intel
475,484,36292273,58%,100%,58%,Intel Core i9-9900K,100.70%,AMD RX 580,50.90%,AMD,Intel
476,485,36292281,72%,94%,72%,AMD Ryzen 7 3700X,88.60%,Nvidia GTX 1660S (Super),74.30%,Nvidia,AMD
477,486,36292283,29%,75%,26%,AMD Ryzen 5 1500X,67%,Nvidia GTX 1050-Ti,28.80%,Nvidia,AMD
478,487,36292286,104%,82%,86%,Intel Core i7-6700K,72.90%,Nvidia GTX 1080-Ti,142.40%,Nvidia,Intel
479,488,36292289,57%,98%,58%,AMD Ryzen 7 3700X,92.40%,AMD RX 580,53.70%,AMD,AMD
480,490,36292290,14%,71%,13%,AMD Ryzen 7 3750H,68.20%,AMD Radeon RX Vega 10 Graphics,13.60%,AMD,AMD
481,491,36292291,19%,76%,16%,Intel Core i3-6100,66.30%,AMD RX 460,18.60%,AMD,Intel
482,492,36292294,14%,64%,13%,AMD Ryzen 3 3300U,64.70%,AMD Radeon Vega 6 Graphics,8.40%,AMD,AMD
483,493,36292302,128%,95%,148%,AMD Ryzen 9 3900X,89.70%,Nvidia GTX 1080-Ti,140.70%,Nvidia,AMD
484,494,36292306,18%,73%,14%,Intel Core i5-2500,73.20%,Nvidia GTX 760,26%,Nvidia,Intel
485,495,36292307,13%,72%,12%,AMD Ryzen 5 2400G,75.80%,Nvidia GTX 1660,6.40%,Nvidia,AMD
486,496,36292550,23%,88%,21%,Intel Core i7-8750H,83.30%,Nvidia GTX 1050 (Mobile),21.90%,Nvidia,Intel
487,497,36292551,207%,103%,221%,Intel Core i9-10900KF,103.40%,Nvidia RTX 3080,207%,Nvidia,Intel
488,498,36292553,137%,102%,155%,AMD Ryzen 9 3900XT,97%,Nvidia RTX 2080,139%,Nvidia,AMD
489,499,36292555,1%,48%,1%,Intel Core i7-3610QM,67.50%,Intel HD 4000 (Mobile 1.25 GHz),0.80%,Intel,Intel
490,500,36292561,200%,101%,179%,Intel Core i7-9700K,104.50%,Nvidia RTX 3080,196.60%,Nvidia,Intel
491,501,36292566,64%,87%,59%,Intel Core i7-9700K,91.30%,Nvidia GTX 1660,70%,Nvidia,Intel
492,502,36292569,39%,79%,31%,AMD Ryzen 3 2200G,75.10%,AMD RX 570,47.50%,AMD,AMD
493,503,36292570,71%,73%,61%,Intel Xeon E5-2678 v3,67.60%,Nvidia Quadro P5000,96.40%,Nvidia,Intel
494,504,36292574,74%,79%,75%,AMD Ryzen 7 1800X,75.90%,Nvidia GTX 1070-Ti,94.70%,Nvidia,AMD
495,505,36292577,56%,90%,49%,Intel Core i5-9600K,93.30%,Nvidia GTX 1060-6GB,59%,Nvidia,Intel
496,506,36292578,146%,93%,123%,Intel Core i5-9600K,93.20%,Nvidia RTX 3070,160.40%,Nvidia,Intel
497,507,36292592,53%,93%,50%,AMD Ryzen 5 3600X,91.90%,AMD RX 580,49.90%,AMD,AMD
498,508,36292596,170%,90%,157%,Intel Core i7-5820K,84.80%,Nvidia RTX 3080,202.40%,Nvidia,Intel
499,509,36292598,44%,79%,36%,Intel Core i7-2600,74.50%,Nvidia GTX 1060-6GB,56.30%,Nvidia,Intel
500,510,36292599,100%,95%,90%,Intel Core i7-9700K,96.70%,Nvidia RTX 2070,103.30%,Nvidia,Intel
501,511,36292603,63%,81%,54%,AMD Ryzen 5 2400G,77.10%,Nvidia GTX 1660,75.70%,Nvidia,AMD
502,512,36292606,91%,93%,84%,Intel Core i7-8700K,93%,Nvidia GTX 1070-Ti,95.70%,Nvidia,Intel
503,513,36292611,243%,106%,244%,Intel Core i7-10700K,102%,Nvidia RTX 3090,244.20%,Nvidia,Intel
504,514,36292612,196%,104%,201%,AMD Ryzen 7 5800X,98.80%,Nvidia RTX 3080,201.40%,Nvidia,AMD
505,515,36292616,15%,79%,14%,AMD Ryzen 5 4500U,83.10%,AMD Radeon Graphics,11.80%,AMD,AMD
506,516,36292617,100%,87%,85%,Intel Core i7-7700,79.10%,Nvidia GTX 1080-Ti,125.30%,Nvidia,Intel
507,517,36292621,227%,106%,258%,AMD Ryzen 9 5900X,104.40%,Nvidia RTX 3080,221.80%,Nvidia,AMD
508,518,36292623,124%,101%,134%,Intel Core i7-10700K,89.80%,Nvidia GTX 1080-Ti,137.10%,Nvidia,Intel
509,519,36292627,72%,99%,70%,AMD Ryzen 5 5600X,92.90%,Nvidia GTX 1660,73.20%,Nvidia,AMD
510,520,36292628,8%,58%,7%,Intel Core i5-5200U,58.10%,Intel HD 5500 (Mobile 0.95 GHz),4%,Intel,Intel
511,521,36292635,34%,69%,27%,Intel Xeon W3550,62.20%,AMD RX 580,52.60%,AMD,Intel
512,522,36292639,17%,81%,16%,AMD Ryzen 3 3200G,78.90%,Nvidia GTX 760,7.60%,Nvidia,AMD
513,523,36292641,190%,91%,177%,AMD Ryzen 5 3600,87.10%,Nvidia RTX 3080,223.40%,Nvidia,AMD
514,524,36292644,6%,69%,5%,Intel Core i5-7400,78.50%,Intel HD 630 (Desktop Kaby Lake),5.10%,Intel,Intel
515,525,36292648,145%,103%,126%,Intel Core i5-9600KF,103.30%,Nvidia GTX 1080-Ti,139.50%,Nvidia,Intel
516,526,36292649,159%,108%,155%,Intel Core i7-9700K,106.40%,Nvidia RTX 2080S (Super),149.80%,Nvidia,Intel
517,527,36292650,35%,100%,33%,Intel Core i7-8700K,92.40%,Nvidia GTX 960,28.90%,Nvidia,Intel
518,528,36292655,239%,101%,268%,Intel Core i9-10900K,98.30%,Nvidia RTX 3090,252.30%,Nvidia,Intel
519,529,36292658,53%,75%,47%,AMD Ryzen 7 3750H,66.20%,Nvidia RTX 2060 (Mobile),72.70%,Nvidia,AMD
520,530,36292659,72%,94%,66%,Intel Core i5-10400F,92.10%,Nvidia GTX 1660S (Super),73%,Nvidia,Intel
521,531,36292671,88%,111%,95%,Intel Core i9-10900K,109.50%,Nvidia GTX 1660S (Super),75.20%,Nvidia,Intel
522,532,36292675,2%,31%,2%,AMD A4-6210 APU R3 Graphics,32.10%,AMD Radeon R3 Graphics,1.60%,AMD,AMD
523,533,36292678,2%,62%,2%,Intel Core i3-4170,67.20%,Intel HD 4400 (Desktop 1.15 GHz),2.50%,Intel,Intel
524,534,36292688,20%,83%,18%,Intel Core i7-1065G7,78.70%,Intel Iris Plus G7,13.80%,Intel,Intel
525,535,36292696,142%,103%,136%,Intel Core i7-9700K,98.60%,Nvidia RTX 2080S (Super),142.60%,Nvidia,Intel
526,536,36292698,230%,109%,260%,AMD Ryzen 9 5900X,106.90%,Nvidia RTX 3080,220.60%,Nvidia,AMD
527,537,36292700,118%,86%,100%,Intel Core i5-9400F,84.90%,Nvidia RTX 2080,140.60%,Nvidia,Intel
528,538,36292704,17%,84%,16%,Intel Core i5-9300H,84.20%,Intel UHD Graphics 630,9.60%,Intel,Intel
529,539,36292707,109%,92%,92%,Intel Core i7-7700K,87.40%,Nvidia GTX 1080-Ti,124.50%,Nvidia,Intel
530,540,36292708,88%,96%,89%,AMD Ryzen 7 3700X,92.40%,AMD RX 5600-XT,90.80%,AMD,AMD
531,541,36292712,75%,94%,79%,Intel Core i7-10700F,93.60%,Nvidia GTX 1660S (Super),77.70%,Nvidia,Intel
532,542,36292714,100%,100%,92%,Intel Core i5-10600K,96%,Nvidia GTX 1070-Ti,102.30%,Nvidia,Intel
533,543,36292726,112%,94%,114%,AMD Ryzen 7 3800X,92.10%,Nvidia RTX 2070S (Super),120.70%,Nvidia,AMD
534,544,36292728,202%,102%,184%,Intel Core i7-8700K,102.40%,Nvidia RTX 3080,200.80%,Nvidia,Intel
535,545,36292735,118%,98%,135%,AMD Ryzen 9 3900X,92.80%,Nvidia RTX 2070S (Super),123%,Nvidia,AMD
536,546,36292753,12%,61%,10%,AMD Phenom II X6 1055T,55.40%,Nvidia GTX 750-Ti,17.80%,Nvidia,AMD
537,547,36292755,64%,78%,58%,AMD Ryzen 5 1600,73.10%,Nvidia GTX 1660-Ti,79.90%,Nvidia,AMD
538,548,36292759,240%,108%,283%,AMD Ryzen 9 5900X,99.80%,Nvidia RTX 3090,246.80%,Nvidia,AMD
539,549,36292761,27%,46%,20%,Intel Core i5-6500,47.70%,Nvidia GTX 1060-6GB,58.60%,Nvidia,Intel
540,550,36292762,51%,85%,49%,AMD Ryzen 5 3600,82.80%,Nvidia GTX 1650S (Super),56.40%,Nvidia,AMD
541,551,36292765,4%,47%,4%,Intel Core i7 M 620,46.30%,Nvidia Quadro FX 880M,2.60%,Nvidia,Intel
542,552,36292773,69%,91%,65%,AMD Ryzen 5 3600XT,90.80%,Nvidia GTX 1660S (Super),74.80%,Nvidia,AMD
543,553,36292775,109%,81%,101%,Intel Core i7-7800X,81.30%,Nvidia GTX 1080-Ti,137.40%,Nvidia,Intel
544,554,36292778,91%,89%,78%,Intel Core i7-4790K,83.50%,Nvidia GTX 1070-Ti,107.70%,Nvidia,Intel
545,555,36292785,87%,109%,95%,Intel Core i9-10900K,106.30%,Nvidia GTX 1660S (Super),76.20%,Nvidia,Intel
546,556,36292787,14%,85%,13%,Intel Core i7-8559U,83.80%,Intel Iris Plus Graphics 655,9.70%,Intel,Intel
547,557,36292798,22%,93%,21%,Intel Core i7-8700K,90.60%,Nvidia GTX 750-Ti,16.10%,Nvidia,Intel
548,558,36292799,35%,94%,32%,Intel Core i7-8700,96.10%,Nvidia GTX 1050-Ti,29.40%,Nvidia,Intel
549,559,36292802,66%,83%,59%,AMD Ryzen 5 2600,82.30%,Nvidia GTX 1660-Ti,78.20%,Nvidia,AMD
550,560,36292805,47%,89%,40%,Intel Core i5-8400,90.60%,Nvidia GTX 1060-6GB,49%,Nvidia,Intel
551,561,36292808,97%,96%,81%,Intel Core i7-7700,88.90%,Nvidia GTX 1080,105.30%,Nvidia,Intel
552,562,36292814,55%,101%,52%,AMD Ryzen 5 5600X,100.70%,AMD RX 470,47.60%,AMD,AMD
553,563,36292817,144%,106%,125%,Intel Core i5-9600KF,103.40%,Nvidia GTX 1080-Ti,138.20%,Nvidia,Intel
554,564,36292819,23%,77%,17%,Intel Core i3-8100,76.90%,Nvidia GTX 1050-Ti,29.20%,Nvidia,Intel
555,565,36292820,85%,93%,90%,AMD Ryzen 7 3700X,88.10%,AMD RX 5600-XT,93.10%,AMD,AMD
556,566,36292822,24%,91%,23%,Intel Core i7-4930K,92.80%,Nvidia GT 1030,15.70%,Nvidia,Intel
557,567,36292823,19%,80%,17%,Intel Core i7-4771,74.90%,Nvidia GTX 660,19.40%,Nvidia,Intel
558,568,36292847,122%,92%,143%,AMD Ryzen 9 3900X,84.60%,Nvidia RTX 2080S (Super),143.20%,Nvidia,AMD
559,569,36292856,7%,60%,7%,Intel Core i5-4300U,61%,Intel HD 4400 (Mobile 1.0/1.1 GHz),2.80%,Intel,Intel
560,570,36292864,53%,94%,59%,AMD Ryzen 9 3900X,92.70%,Nvidia GTX 970,49.50%,Nvidia,AMD
561,571,36292879,57%,90%,56%,AMD Ryzen 7 2700X,89.30%,AMD R9 Fury,61.10%,AMD,AMD
562,572,36292883,56%,93%,53%,AMD Ryzen 5 1600,88.60%,AMD RX 580,54.30%,AMD,AMD
563,573,36292885,73%,91%,66%,Intel Core i5-10400,89%,Nvidia GTX 1070,78.40%,Nvidia,Intel
564,574,36292886,136%,100%,138%,Intel Core i7-10700K,100.50%,Nvidia GTX 1080-Ti,134.90%,Nvidia,Intel
565,575,36292889,60%,80%,54%,AMD Ryzen 5 2600,78.90%,Nvidia GTX 1660S (Super),75.70%,Nvidia,AMD
566,576,36292892,40%,65%,30%,AMD FX-6300,60.50%,Nvidia GTX 1660S (Super),67.90%,Nvidia,AMD
567,577,36292900,66%,105%,54%,Intel Core i5-7600K,97.10%,AMD RX 580,60.10%,AMD,Intel
568,578,36292902,89%,71%,100%,AMD Ryzen 7 3700X,56.80%,Nvidia RTX 3070,150.80%,Nvidia,AMD
569,579,36292905,40%,82%,36%,AMD Ryzen 5 2600,79.10%,AMD RX 580,41.20%,AMD,AMD
570,580,36292909,27%,94%,26%,AMD Ryzen 5 3600X,87.10%,AMD R7 265,20.40%,AMD,AMD
571,581,36292910,81%,83%,62%,Intel Core i5-6600K,78%,Nvidia GTX 1080,103.90%,Nvidia,Intel
572,582,36292912,117%,100%,106%,Intel Core i7-8086K,101.50%,Nvidia RTX 3080,113.30%,Nvidia,Intel
573,583,36292913,105%,68%,141%,AMD Ryzen 9 3900X,60.80%,Nvidia RTX 2080-Ti,166.80%,Nvidia,AMD
574,584,36292916,10%,62%,7%,AMD FX-4300,62.80%,Nvidia GTX 560,13.80%,Nvidia,AMD
575,585,36292918,68%,92%,55%,Intel Core i5-9300H,84.70%,Nvidia RTX 2060 (Mobile),75.50%,Nvidia,Intel
576,586,36292919,77%,90%,72%,AMD Ryzen 5 3600X,84.40%,Nvidia RTX 2060,87%,Nvidia,AMD
577,587,36292923,76%,92%,68%,Intel Core i7-10875H,80.90%,Nvidia RTX 2080S (Super Mobile Max-Q),86.80%,Nvidia,Intel
578,588,36292929,50%,90%,41%,Intel Core i3-9350K,85.10%,Nvidia GTX 1060-3GB,52.30%,Nvidia,Intel
579,589,36292930,73%,94%,72%,Intel Core i7-5960X,94.30%,Nvidia GTX Titan X,73.40%,Nvidia,Intel
580,590,36292940,121%,105%,109%,Intel Core i7-8086K,103.20%,Nvidia RTX 3070,114.10%,Nvidia,Intel
581,591,36292948,43%,88%,36%,Intel Core i7-2600K,83.40%,Nvidia GTX 1650,46.90%,Nvidia,Intel
582,592,36292950,6%,50%,6%,Intel Core i3-2100,52.70%,AMD Radeon HD 8490,2.40%,AMD,Intel
583,593,36292953,29%,67%,23%,AMD Phenom II X6 1100T,61.40%,AMD RX 570,45.10%,AMD,AMD
584,594,36292958,166%,98%,156%,Intel Core i9-9900K,96.90%,Nvidia RTX 2080-Ti,175.70%,Nvidia,Intel
585,595,36292962,224%,103%,214%,Intel Core i7-9700K,102.90%,Nvidia RTX 3080,223.20%,Nvidia,Intel
586,596,36292964,115%,99%,109%,AMD Ryzen 5 3600,91.90%,AMD RX 5700-XT,121.70%,AMD,AMD
587,597,36292968,89%,92%,74%,Intel Core i7-7700K,86.90%,Nvidia GTX 1080,99.60%,Nvidia,Intel
588,598,36292971,124%,92%,104%,Intel Core i7-6700K,91.80%,Nvidia RTX 2080,136.70%,Nvidia,Intel
589,599,36292973,120%,95%,124%,AMD Ryzen 7 3800X,92.20%,Nvidia RTX 2070S (Super),129.40%,Nvidia,AMD
590,600,36292981,126%,93%,127%,Intel Core i9-9900K,91.60%,Nvidia GTX 1080-Ti,139.10%,Nvidia,Intel
591,601,36292982,175%,104%,181%,Intel Core i7-10700K,103.80%,Nvidia RTX 3070,171.80%,Nvidia,Intel
592,602,36292984,14%,72%,11%,Intel Xeon E3-1240,74.30%,Nvidia GTX 650-Ti,16%,Nvidia,Intel
593,603,36292988,186%,110%,172%,AMD Ryzen 5 5600X,106.70%,Nvidia RTX 3070,176.40%,Nvidia,AMD
594,604,36292989,94%,88%,89%,AMD Ryzen 5 3600,87.30%,Nvidia GTX 1070-Ti,105.50%,Nvidia,AMD
595,605,36292999,57%,84%,54%,AMD Ryzen 5 3600,79.50%,Nvidia GTX 1660,70.50%,Nvidia,AMD
596,606,36293003,24%,81%,22%,AMD Ryzen 5 2400G,76.40%,Nvidia GTX 1660,21.70%,Nvidia,AMD
597,607,36293006,166%,100%,159%,Intel Core i7-9700K,100.50%,Nvidia RTX 3070,166.50%,Nvidia,Intel
598,608,36293008,22%,78%,20%,AMD Ryzen 5 3400G,71.60%,AMD Radeon RX Vega 11 Graphics,18.50%,AMD,AMD
599,609,36293018,71%,75%,53%,Intel Core i5-3570K,72.20%,Nvidia RTX 2060S (Super),101.90%,Nvidia,Intel
600,610,36293019,12%,77%,11%,Intel Core i5-1035G1,74.40%,Nvidia GeForce MX230,10.80%,Nvidia,Intel
601,611,36293021,82%,86%,77%,AMD Ryzen 5 3600X,85.80%,Nvidia GTX 1070-Ti,94.60%,Nvidia,AMD
602,612,36293024,83%,90%,70%,Intel Core i5-9400F,85.10%,Nvidia RTX 2060,93.70%,Nvidia,Intel
603,613,36293029,40%,76%,34%,AMD FX-8350,70.40%,AMD R9 390,53.10%,AMD,AMD
604,614,36293034,118%,98%,100%,Intel Core i5-9600K,93.80%,Nvidia GTX 1080-Ti,123%,Nvidia,Intel
605,615,36293037,2%,46%,2%,Intel Core2 Duo E8435,46%,Nvidia GeForce 9600M-GT,1.70%,Nvidia,Intel
606,616,36293042,67%,80%,52%,Intel Core i5-4670K,74.40%,AMD RX 5600-XT,87.90%,AMD,Intel
607,617,36293045,135%,85%,129%,AMD Ryzen 7 2700X,81%,Nvidia RTX 3070,168.50%,Nvidia,AMD
608,618,36293046,99%,86%,91%,AMD Ryzen 5 1600X,78.80%,Nvidia RTX 2070S (Super),119.30%,Nvidia,AMD
609,619,36293053,30%,88%,24%,Intel Core i5-7600K,83.80%,Nvidia GTX 1050-Ti,28.80%,Nvidia,Intel
610,620,36293055,25%,88%,23%,AMD Ryzen 5 3400G,77.10%,AMD Radeon RX Vega 11 Graphics,18.20%,AMD,AMD
611,621,36293056,96%,90%,91%,Intel Core i7-9700F,94.20%,Nvidia RTX 2060S (Super),102%,Nvidia,Intel
612,622,36293061,50%,81%,39%,Intel Core i5-3570,77%,AMD RX 580,61.60%,AMD,Intel
613,623,36293069,220%,109%,269%,AMD Ryzen 9 5950X,106.30%,Nvidia RTX 3080,211.60%,Nvidia,AMD
614,624,36293071,118%,99%,110%,AMD Ryzen 5 3600,94.60%,AMD RX 5700-XT,121.90%,AMD,AMD
615,625,36293072,16%,64%,13%,AMD Ryzen 5 3550H,48.60%,Nvidia GeForce GTX 1050,27%,Nvidia,AMD
616,626,36293074,61%,87%,47%,Intel Core i5-4670K,82.90%,Nvidia GTX 1660,70.60%,Nvidia,Intel
617,627,36293075,227%,105%,228%,Intel Core i9-9900K,101.60%,Nvidia RTX 3080,228.80%,Nvidia,Intel
618,628,36293079,61%,66%,53%,AMD FX-8350,59.60%,Nvidia GTX 1080,102.40%,Nvidia,AMD
619,629,36293081,0%,43%,0%,Intel Core i3-4010U,50.40%,Intel HD 4400 (Mobile 1.0/1.1 GHz),0.40%,Intel,Intel
620,630,36293088,124%,108%,107%,Intel Core i7-8700K,105.50%,Nvidia GTX 1080,114.70%,Nvidia,Intel
621,631,36293089,101%,103%,94%,Intel Core i7-9700K,97.70%,Nvidia RTX 2060S (Super),98%,Nvidia,Intel
622,632,36293092,63%,81%,60%,AMD Ryzen 5 3600,75.60%,AMD RX 5600-XT,77.80%,AMD,AMD
623,633,36293094,152%,92%,179%,AMD Ryzen 9 3900X,86.50%,Nvidia RTX 2080-Ti,175.90%,Nvidia,AMD
624,634,36293099,49%,88%,39%,Intel Core i5-4690K,84.90%,Nvidia GTX 970,53.40%,Nvidia,Intel
625,635,36293103,16%,94%,16%,Intel Core i9-9900K,102.10%,Intel UHD Graphics 630,5.40%,Intel,Intel
626,636,36293130,191%,91%,201%,AMD Ryzen 7 3700X,84.40%,Nvidia RTX 3090,232.30%,Nvidia,AMD
627,637,36293133,10%,62%,10%,Intel Core i5-8250U,58.40%,Intel UHD Graphics 620 (Mobile Kaby Lake R),4.30%,Intel,Intel
628,638,36293137,8%,79%,7%,Intel Core i5-1135G7,74.80%,Intel Iris Xe,15.50%,Intel,Intel
629,639,36293138,96%,97%,96%,AMD Ryzen 7 3700X,90.90%,Nvidia GTX 1080,101.40%,Nvidia,AMD
630,640,36293145,27%,92%,26%,AMD Ryzen 7 4800HS,90.40%,AMD Radeon Graphics,18.30%,AMD,AMD
631,641,36293147,98%,103%,83%,Intel Core i7-4790K,97.30%,AMD RX Vega-64,98.20%,AMD,Intel
632,642,36293149,107%,94%,104%,AMD Ryzen 5 3600,86.90%,Nvidia RTX 2070S (Super),120.70%,Nvidia,AMD
633,643,36293151,146%,93%,151%,AMD Ryzen 7 3700X,82.90%,Nvidia RTX 3070,177.40%,Nvidia,AMD
634,644,36293153,112%,88%,109%,AMD Ryzen 5 3600X,79.80%,Nvidia RTX 3060-Ti,140.10%,Nvidia,AMD
635,645,36293158,24%,76%,19%,Intel Core i5-7300HQ,69.20%,Nvidia GTX 1050-Ti (Mobile),30.60%,Nvidia,Intel
636,646,36293162,7%,66%,6%,Intel Xeon E31220,74.90%,Nvidia Quadro 2000,6.30%,Nvidia,Intel
637,647,36293163,265%,111%,301%,AMD Ryzen 9 5900X,108.40%,Nvidia RTX 3090,251.90%,Nvidia,AMD
638,648,36293169,203%,98%,184%,Intel Core i7-8700,94.50%,Nvidia RTX 3080,218.80%,Nvidia,Intel
639,649,36293171,2%,35%,1%,AMD A10-9600P APU (2016 M.BR),33.20%,AMD Radeon R5 Graphics,4.20%,AMD,AMD
640,650,36293183,67%,79%,52%,Intel Core i5-4670K,74.10%,AMD RX 5600-XT,88.50%,AMD,Intel
641,651,36293186,59%,70%,48%,AMD FX-8320E,62.70%,Nvidia GTX 1070-Ti,92.20%,Nvidia,AMD
642,652,36293187,3%,60%,3%,Intel Core i5-3330,71.70%,Nvidia GeForce 210,0.90%,Nvidia,Intel
643,653,36293189,200%,102%,204%,Intel Core i7-10700K,99.20%,Nvidia RTX 3080,207.10%,Nvidia,Intel
644,654,36293220,91%,85%,87%,AMD Ryzen 5 3600X,79.40%,Nvidia RTX 2070S (Super),113.40%,Nvidia,AMD
645,655,36293226,42%,79%,34%,Intel Core i7-2600,76.20%,Nvidia GTX 1060-3GB,51.60%,Nvidia,Intel
646,656,36293228,91%,91%,94%,AMD Ryzen 7 3700X,86.10%,AMD RX 5700-XT,103.10%,AMD,AMD
647,657,36293230,72%,92%,72%,AMD Ryzen 7 2700X,86.50%,Nvidia GTX 1660,76.20%,Nvidia,AMD
648,658,36293237,42%,94%,38%,Intel Core i7-9850H,85.40%,Nvidia Quadro T2000,39.90%,Nvidia,Intel
649,659,36293249,30%,87%,25%,Intel Core i7-9750H,76.10%,Nvidia GTX 1660-Ti (Mobile),32.30%,Nvidia,Intel
650,660,36293254,4%,62%,3%,Intel Core i3-7100,67%,Intel HD 630 (Desktop Kaby Lake),4.80%,Intel,Intel
651,661,36293256,5%,67%,4%,Intel Core i5-8250U,75.80%,Intel UHD Graphics 620 (Mobile Kaby Lake R),5.20%,Intel,Intel
652,662,36293261,4%,61%,3%,Intel Core i5-3340,69.30%,AMD Radeon HD 6670,5.50%,AMD,Intel
653,663,36293263,115%,95%,109%,AMD Ryzen 5 3600,89.20%,Nvidia GTX 1080-Ti,125.90%,Nvidia,AMD
654,664,36293265,41%,85%,35%,Intel Core i7-6700,80.20%,Nvidia GTX 1650,43.90%,Nvidia,Intel
655,665,36293268,30%,76%,28%,AMD Ryzen 5 1600,71.60%,Nvidia GTX 1050-Ti,33.70%,Nvidia,AMD
656,666,36293270,44%,79%,40%,AMD Ryzen 5 3400G,70.70%,Nvidia GTX 1060-6GB,54.30%,Nvidia,AMD
657,667,36293280,18%,94%,17%,Intel Core i7-9700K,104.60%,Nvidia GTX 1080-Ti,7%,Nvidia,Intel
658,668,36293281,27%,93%,27%,AMD Ryzen 9 4900HS,88.20%,AMD Radeon Graphics,19.90%,AMD,AMD
659,669,36293282,46%,89%,39%,Intel Core i7-4790K,85.50%,Nvidia GTX 970,49.50%,Nvidia,Intel
660,670,36293288,23%,81%,20%,Intel Core i7-1165G7,73.20%,Intel Iris Xe,21.60%,Intel,Intel
661,671,36293299,10%,72%,9%,Intel Core i7-8750H,67.60%,Intel UHD Graphics 630,6.80%,Intel,Intel
662,672,36293304,263%,104%,268%,Intel Core i9-9900K,102.80%,Nvidia RTX 3090,264.10%,Nvidia,Intel
663,673,36293309,19%,77%,17%,AMD Ryzen 5 3400G,72.60%,AMD Radeon RX Vega 11 Graphics,17.40%,AMD,AMD
664,674,36293310,53%,95%,50%,AMD Ryzen 5 3600X,87%,AMD RX 580,51.80%,AMD,AMD
665,675,36293312,25%,93%,23%,Intel Core i7-1165G7,81.70%,Intel Iris Xe,17.70%,Intel,Intel
666,676,36293317,201%,96%,191%,Intel Core i7-9700K,98%,Nvidia RTX 3080,212.30%,Nvidia,Intel
667,677,36293321,95%,91%,98%,AMD Ryzen 7 3700X,91.40%,AMD RX 5700-XT,102.50%,AMD,AMD
668,678,36293323,48%,84%,43%,AMD Ryzen 3 3100,77.20%,Nvidia GTX 1060-6GB,55.30%,Nvidia,AMD
669,679,36293326,52%,103%,56%,Intel Core i9-10900K,101%,Nvidia GTX Titan,45.70%,Nvidia,Intel
670,680,36293328,38%,78%,33%,Intel Core i7-9750H,73%,Nvidia GTX 1660-Ti (Mobile),43%,Nvidia,Intel
671,681,36293333,11%,74%,10%,Intel Core i3-7100,74%,Intel HD 630 (Desktop Kaby Lake),4.70%,Intel,Intel
672,682,36293345,98%,95%,92%,AMD Ryzen 5 3600,92.10%,AMD RX 5700-XT,102.50%,AMD,AMD
673,683,36293349,79%,92%,74%,Intel Core i7-9700K,99.80%,Nvidia RTX 2060S (Super),82.40%,Nvidia,Intel
674,684,36293350,11%,54%,10%,AMD Ryzen 7 3700U,53.80%,AMD Radeon RX Vega 10 Graphics,2.50%,AMD,AMD
675,685,36293352,23%,76%,22%,AMD Ryzen 5 1600,71.40%,AMD RX 560,21.40%,AMD,AMD
676,686,36293358,82%,95%,80%,Intel Core i7-5960X,94.40%,Nvidia GTX Titan X,81%,Nvidia,Intel
677,687,36293359,78%,85%,83%,AMD Ryzen 7 3700X,78.30%,Nvidia RTX 2070,99.20%,Nvidia,AMD
678,688,36293362,110%,96%,95%,AMD Ryzen 7 3800X 8-Core,90.80%,Nvidia GTX 1080,117.50%,Nvidia,AMD
679,689,36293364,25%,88%,23%,AMD Ryzen 5 3400G,77.10%,AMD Radeon RX Vega 11 Graphics,18.20%,AMD,AMD
680,690,36293365,33%,86%,28%,Intel Core i7-4770,83.90%,Nvidia GTX 770,34.20%,Nvidia,Intel
681,691,36293366,155%,93%,157%,AMD Ryzen 7 3700X,83.50%,Nvidia RTX 3070,187.10%,Nvidia,AMD
682,692,36293371,91%,90%,86%,AMD Ryzen 5 3600,88%,Nvidia RTX 2060,101%,Nvidia,AMD
683,693,36293376,43%,80%,36%,Intel Core i7-4770K,74.10%,Nvidia GTX 1060-6GB,54%,Nvidia,Intel
684,694,36293380,37%,75%,30%,Intel Core i7-3770,72.10%,Nvidia GTX 1060-6GB,51.30%,Nvidia,Intel
685,695,36293387,186%,101%,192%,Intel Core i7-10700K,101.70%,Nvidia RTX 3080,186.20%,Nvidia,Intel
686,696,36293390,111%,93%,104%,AMD Ryzen 5 3600,89.20%,Nvidia RTX 2070S (Super),122.10%,Nvidia,AMD
687,697,36293392,95%,92%,88%,AMD Ryzen 5 3600X,91.50%,Nvidia RTX 2060S (Super),100.30%,Nvidia,AMD
688,698,36293394,83%,89%,82%,AMD Ryzen 7 2700X,85.80%,Nvidia RTX 2070,91.30%,Nvidia,AMD
689,699,36293396,21%,75%,19%,AMD Ryzen 5 2600,76.30%,Nvidia GTX 1050-Ti,27.40%,Nvidia,AMD
690,700,36293398,6%,25%,6%,AMD Ryzen 7 3750H,7.80%,Nvidia GTX 1660-Ti (Mobile Max-Q),34.50%,Nvidia,AMD
691,701,36293399,10%,70%,9%,Intel Core i7-8750H,58.50%,Intel UHD Graphics 630,6.50%,Intel,Intel
692,702,36293402,73%,89%,69%,AMD Ryzen 5 3600,85.30%,Nvidia GTX 1070,79.70%,Nvidia,AMD
693,703,36293404,90%,94%,85%,AMD Ryzen 5 3600X,90.10%,AMD RX 5600-XT,96.40%,AMD,AMD
694,704,36293407,29%,81%,26%,AMD Ryzen 5 2400G,76.10%,Nvidia GTX 1660,29.30%,Nvidia,AMD
695,705,36293475,114%,83%,87%,Intel Core i5-3570,76.50%,Nvidia RTX 2080,151.70%,Nvidia,Intel
696,706,36293478,81%,108%,82%,AMD Ryzen 7 5800X,103.50%,Nvidia RTX 2070S (Super),72%,Nvidia,AMD
697,707,36293484,39%,79%,32%,Intel Core i7-2600,73.50%,Nvidia GTX 1060-3GB,49.10%,Nvidia,Intel
698,708,36293489,53%,90%,45%,Intel Core i5-8500,93.10%,AMD RX 580,53.20%,AMD,Intel
699,709,36293490,102%,96%,87%,Intel Core i7-6700K,90.40%,Nvidia GTX 1080,108.10%,Nvidia,Intel
700,710,36293493,72%,83%,56%,Intel Core i5-4670K,78.80%,AMD RX 5600-XT,88.40%,AMD,Intel
701,711,36293495,123%,95%,120%,Intel Core i9-9900K,84.90%,Nvidia RTX 3060-Ti,145.10%,Nvidia,Intel
702,712,36293496,195%,91%,236%,AMD Ryzen TR 1950X,86.60%,Nvidia RTX 3090,229.10%,Nvidia,AMD
703,713,36293500,113%,95%,107%,AMD Ryzen 5 3600,88.60%,Nvidia GTX 1080-Ti,124.40%,Nvidia,AMD
704,714,36293501,132%,91%,128%,AMD Ryzen 5 5600X,79.90%,Nvidia RTX 3070,165.60%,Nvidia,AMD
705,715,36293504,46%,97%,43%,Intel Core i7-9700K,97.20%,AMD Radeon RX480,42.50%,AMD,Intel
706,716,36293506,100%,82%,83%,Intel Core i7-4770K,77.40%,Nvidia GTX 1080-Ti,132.10%,Nvidia,Intel
707,717,36293509,8%,39%,8%,AMD Ryzen 7 3700U,35.10%,AMD Radeon RX Vega 10 Graphics,6.70%,AMD,AMD
708,718,36293510,83%,93%,102%,AMD Ryzen 9 3950X,96.20%,AMD RX 5600-XT,84.20%,AMD,AMD
709,719,36293516,25%,71%,21%,AMD FX-8370,65.60%,Nvidia GTX 960,32.90%,Nvidia,AMD
710,720,36293517,109%,83%,128%,AMD Ryzen 9 3900X,83.30%,Nvidia GTX 1080-Ti,131.20%,Nvidia,AMD
711,721,36293521,9%,66%,8%,Intel Core i3-8100,70.30%,Intel UHD Graphics 630 (Desktop Coffee Lake i3),5.10%,Intel,Intel
712,722,36293524,48%,85%,43%,AMD Ryzen 5 2600,82.70%,AMD RX 580,53.90%,AMD,AMD
713,723,36293525,56%,88%,47%,Intel Core i7-6700K,84%,Nvidia GTX 1650S (Super),62%,Nvidia,Intel
714,724,36293527,45%,87%,36%,Intel Core i3-9100F,81.50%,AMD RX 580,50.10%,AMD,Intel
715,725,36293528,39%,76%,30%,Intel Core i5-3570,71.20%,AMD RX 580,53.70%,AMD,Intel
716,726,36293535,71%,98%,65%,Intel Core i7-9700F,95.60%,Nvidia GTX 1660S (Super),72.70%,Nvidia,Intel
717,727,36293537,34%,90%,31%,Intel Xeon E-2176M,86.70%,Nvidia Quadro P2000,31.70%,Nvidia,Intel
718,728,36293539,51%,96%,51%,AMD Ryzen 7 3700X,90.90%,AMD RX 580,47.10%,AMD,AMD
719,729,36293545,66%,72%,66%,AMD Ryzen 7 2700,65.60%,Nvidia GTX 1080,101.30%,Nvidia,AMD
720,730,36293554,123%,108%,106%,Intel Core i7-8700K,105.60%,Nvidia GTX 1080,113.40%,Nvidia,Intel
721,731,36293556,86%,90%,86%,AMD Ryzen 7 2700X,88.10%,Nvidia RTX 2070,92.20%,Nvidia,AMD
722,732,36293557,53%,82%,47%,AMD Ryzen 3 3100,80.40%,Nvidia GTX 1650S (Super),62.90%,Nvidia,AMD
723,733,36293559,16%,74%,15%,AMD Ryzen 5 4500U,75.10%,AMD Radeon Graphics,12.10%,AMD,AMD
724,734,36293561,76%,100%,70%,Intel Core i7-5820K,96.30%,Nvidia GTX 1660S (Super),75%,Nvidia,Intel
725,735,36293563,81%,99%,81%,AMD Ryzen 7 3700X,94.80%,Nvidia GTX 1660-Ti,80%,Nvidia,AMD
726,736,36293566,73%,87%,62%,Intel Core i7-4770K,83.50%,Nvidia GTX 1070,85.80%,Nvidia,Intel
727,737,36293568,10%,68%,9%,Intel Core i7-4700MQ,65.50%,Nvidia GeForce GT 750M,6%,Nvidia,Intel
728,738,36293571,122%,93%,112%,Intel Core i7-8700K,91.30%,Nvidia RTX 2080,134%,Nvidia,Intel
729,739,36293573,105%,92%,78%,Intel Core i7-4790K,72.20%,Nvidia GTX 1080-Ti,144.70%,Nvidia,Intel
730,740,36293577,13%,69%,11%,AMD Ryzen 3 3200G,73.70%,AMD Radeon Vega 8 Graphics,12.80%,AMD,AMD
731,741,36293578,76%,81%,70%,AMD Ryzen 5 1600,76.60%,AMD RX 5600-XT,92.70%,AMD,AMD
732,742,36293580,62%,86%,52%,Intel Core i7-6700K,85.90%,Nvidia GTX 1660,74.50%,Nvidia,Intel
733,743,36293585,19%,93%,19%,Intel Core i9-10900,101.80%,AMD HD 5770,11.40%,AMD,Intel
734,744,36293586,126%,102%,132%,Intel Core i7-10700K,98.40%,Nvidia RTX 2080,131.30%,Nvidia,Intel
735,745,36293590,75%,89%,70%,Intel Core i7-8700,85.20%,Nvidia RTX 2070,86%,Nvidia,Intel
736,746,36293605,136%,84%,128%,AMD Ryzen 5 3600,83.30%,Nvidia RTX 3070,166.90%,Nvidia,AMD
737,747,36293607,43%,96%,39%,Intel Core i7-9850H,88.50%,Nvidia Quadro T2000,40.50%,Nvidia,Intel
738,748,36293609,82%,87%,76%,AMD Ryzen 5 2600X,81.30%,Nvidia RTX 2060,93.70%,Nvidia,AMD
739,749,36293614,37%,57%,28%,AMD Ryzen 7 3700X,46%,AMD RX 5700-XT,77.30%,AMD,AMD
740,750,36293616,12%,70%,11%,Intel Core i5-1135G7,61%,Intel Iris Xe,12%,Intel,Intel
741,751,36293621,84%,101%,72%,Intel Core i5-9600K,96.90%,Nvidia RTX 2060,80.90%,Nvidia,Intel
742,752,36293622,7%,59%,6%,Intel Core i7-4712HQ,61.10%,Intel HD 4600 (Mobile 1.15 GHz),2.50%,Intel,Intel
743,753,36293626,183%,108%,172%,AMD Ryzen 5 5600X,106.50%,Nvidia RTX 3070,173.60%,Nvidia,AMD
744,754,36293628,105%,90%,99%,AMD Ryzen 5 3600,86%,AMD RX 5700-XT,119.10%,AMD,AMD
745,755,36293638,8%,62%,7%,Intel Core i5-4300M,61.50%,Intel HD 4600 (Mobile 1.15 GHz),3.30%,Intel,Intel
746,756,36293640,44%,89%,37%,Intel Core i5-9600K,94.80%,AMD RX 570,47.40%,AMD,Intel
747,757,36293643,84%,88%,107%,AMD Ryzen 9 3950X,82.70%,Nvidia RTX 2080,96%,Nvidia,AMD
748,758,36293648,59%,84%,54%,AMD Ryzen 5 2600,82.40%,Nvidia GTX 1660-Ti,69.60%,Nvidia,AMD
749,759,36293650,114%,107%,109%,AMD Ryzen 5 5600X,98.50%,Nvidia GTX 1080,111.60%,Nvidia,AMD
750,760,36293657,10%,75%,11%,AMD Ryzen 7 2700X,83%,AMD R9 Fury,7.40%,AMD,AMD
751,761,36293668,53%,92%,50%,Intel Core i7-9700K,94%,AMD RX 580,52.10%,AMD,Intel
752,762,36293669,81%,100%,74%,Intel Core i7-5820K,97%,Nvidia GTX 1660S (Super),79.60%,Nvidia,Intel
753,763,36293672,133%,96%,113%,Intel Core i5-9600K,96.60%,Nvidia RTX 3060-Ti,136%,Nvidia,Intel
754,764,36293673,73%,92%,57%,Intel Core i5-4690K,87.70%,Nvidia GTX 1070,79.90%,Nvidia,Intel
755,765,36293674,55%,83%,56%,AMD Ryzen 7 1700X,79.30%,AMD RX 580,60.50%,AMD,AMD
756,766,36293682,40%,76%,36%,AMD Ryzen 5 2400G,73.30%,Nvidia GTX 1650,45.90%,Nvidia,AMD
757,767,36293687,14%,72%,13%,AMD Ryzen 7 3750H,67.80%,AMD Radeon RX Vega 10 Graphics,13.40%,AMD,AMD
758,768,36293688,70%,85%,64%,AMD Ryzen 5 2600,81.90%,Nvidia GTX 1070,78.50%,Nvidia,AMD
759,769,36293692,184%,89%,154%,Intel Core i7-6700K,83.90%,Nvidia RTX 3080,226%,Nvidia,Intel
760,770,36293698,58%,100%,56%,AMD Ryzen 5 3600XT,90.70%,Nvidia GTX 1060-6GB,55.60%,Nvidia,AMD
761,771,36293713,113%,106%,115%,Intel Core i9-9900K,102.90%,Nvidia RTX 2060S (Super),106%,Nvidia,Intel
762,772,36293718,24%,64%,24%,AMD Ryzen 5 2600,54.40%,Nvidia RTX 2060S (Super),42.60%,Nvidia,AMD
763,773,36293720,15%,58%,11%,AMD Phenom II X4 840,56.10%,AMD HD 7870,28.50%,AMD,AMD
764,774,36293722,2%,22%,2%,Intel Core i5-2430M,17.90%,Nvidia GeForce 410M,1.50%,Nvidia,Intel
765,775,36293724,49%,80%,42%,Intel Core i7-9750H,72.20%,Nvidia RTX 2060 (Mobile),66.10%,Nvidia,Intel
766,776,36293728,38%,104%,37%,Intel Core i7-10700K,100.30%,Nvidia GTX 1050-Ti,28.80%,Nvidia,Intel
767,777,36293729,128%,101%,127%,Intel Core i9-9900K,98.40%,Nvidia RTX 2070S (Super),128.80%,Nvidia,Intel
768,778,36293731,12%,63%,12%,Intel Xeon E5-2670,68%,Nvidia Quadro FX 3800,6.80%,Nvidia,Intel
769,779,36293735,4%,53%,3%,Intel Core i3-2120,56.20%,Nvidia GeForce GT 520,1.90%,Nvidia,Intel
770,780,36293738,69%,91%,69%,AMD Ryzen 7 3700X,91.40%,Nvidia GTX 1660S (Super),71.20%,Nvidia,AMD
771,781,36293742,9%,81%,8%,Intel Core i5-9600K,94.40%,AMD RX 570,6.80%,AMD,Intel
772,782,36293745,62%,84%,58%,AMD Ryzen 5 2600X,78.70%,Nvidia GTX 1660,70.90%,Nvidia,AMD
773,783,36293748,56%,84%,56%,AMD Ryzen 7 1700X,80%,AMD RX 580,60.70%,AMD,AMD
774,784,36293751,167%,103%,169%,Intel Core i7-10700KF,101.10%,Nvidia RTX 3070,168.20%,Nvidia,Intel
775,785,36293752,45%,82%,45%,AMD Ryzen 7 2700X,79.90%,AMD RX 580,49.90%,AMD,AMD
776,786,36293753,114%,86%,89%,Intel Core i5-7500,78.70%,Nvidia RTX 3060-Ti,143.60%,Nvidia,Intel
777,787,36293754,61%,87%,55%,Intel Core i7-8750H,83.20%,Intel UHD Graphics 630,7%,Intel,Intel
778,788,36293759,45%,77%,44%,AMD Ryzen 5 2600,69.20%,AMD RX 580,58.30%,AMD,AMD
779,789,36293762,37%,85%,32%,Intel Core i5-10300H,77.10%,Nvidia GTX 1650-Ti (Mobile),44.60%,Nvidia,Intel
780,790,36293764,127%,102%,132%,Intel Core i7-10700K,99.90%,Nvidia RTX 2080,131.20%,Nvidia,Intel
781,791,36293765,33%,89%,28%,Intel Core i5-8300H,86.80%,Nvidia GTX 1050-Ti (Mobile),32.90%,Nvidia,Intel
782,792,36293768,0%,33%,0%,Intel Celeron N4020,32.40%,Intel UHD Graphics 600,1.50%,Intel,Intel
783,793,36293777,101%,94%,85%,Intel Core i7-6700K,86.60%,Nvidia RTX 3080,114.40%,Nvidia,Intel
784,794,36293782,73%,96%,68%,AMD Ryzen 5 3600,90%,Nvidia GTX 1660S (Super),74.90%,Nvidia,AMD
785,795,36293783,103%,97%,95%,Intel Core i7-8700,97%,Nvidia GTX 1080,102.50%,Nvidia,Intel
786,796,36293786,82%,96%,69%,Intel Core i3-10100,90.30%,Nvidia GTX 1070,84.40%,Nvidia,Intel
787,797,36293788,170%,89%,198%,AMD Ryzen 9 3900X,82.20%,Nvidia RTX 3080,211.20%,Nvidia,AMD
788,798,36293789,7%,59%,6%,Intel Core i5-8250U,61%,Intel UHD Graphics 620 (Mobile Kaby Lake R),4.50%,Intel,Intel
789,799,36293791,59%,96%,57%,Intel Core i7-9700K,98.10%,AMD RX 580,56.60%,AMD,Intel
790,800,36293796,3%,64%,3%,Intel Core i5-4440,76.40%,Intel HD 4600 (Desktop 1.25 GHz),2.90%,Intel,Intel
791,801,36293802,54%,92%,49%,Intel Core i7-8700,89%,Nvidia GTX 1650S (Super),55.90%,Nvidia,Intel
792,802,36293804,61%,89%,57%,Intel Core i7-9700,89.10%,Nvidia GTX 1660-Ti,67.90%,Nvidia,Intel
793,803,36293809,62%,86%,52%,Intel Core i7-6700K,86.10%,Nvidia GTX 1660,74.30%,Nvidia,Intel
794,804,36293811,7%,77%,6%,Intel Core i3-10110U,69.80%,Nvidia GeForce MX250,15.10%,Nvidia,Intel
795,805,36293814,45%,88%,39%,Intel Core i3-10100,82.70%,AMD RX 580,52.70%,AMD,Intel
796,806,36293819,20%,73%,16%,Intel Core i5-7300HQ,70.50%,Nvidia GTX 1050 (Mobile),23.60%,Nvidia,Intel
797,807,36293822,222%,104%,251%,AMD Ryzen 9 5900X,99.30%,Nvidia RTX 3080,228.70%,Nvidia,AMD
798,808,36293823,86%,97%,74%,Intel Core i5-9600KF,98.50%,Nvidia GTX 1070,83.40%,Nvidia,Intel
799,809,36293834,69%,85%,63%,AMD Ryzen 5 2600,81.90%,Nvidia GTX 1070,76.80%,Nvidia,AMD
800,810,36293844,20%,74%,18%,AMD Ryzen 7 3750H,64.30%,AMD Radeon RX Vega 10 Graphics,17.80%,AMD,AMD
801,811,36293849,127%,96%,141%,AMD Ryzen 9 3900X,96.20%,Nvidia RTX 2070S (Super),130%,Nvidia,AMD
802,812,36293852,247%,109%,281%,AMD Ryzen 9 5900X,104.70%,Nvidia RTX 3080,242.80%,Nvidia,AMD
803,813,36293853,2%,48%,2%,Intel Core i3-4030U,51.80%,Intel HD 4400 (Mobile 1.0/1.1 GHz),2.10%,Intel,Intel
804,814,36293858,66%,103%,66%,Intel Core i7-10700K,102.90%,Nvidia GTX 1060-6GB,58%,Nvidia,Intel
805,815,36293861,70%,73%,60%,AMD FX-8350,68.60%,Nvidia GTX 1080,102.30%,Nvidia,AMD
806,816,36293864,7%,48%,7%,Intel Core i7-10510U,47.40%,Intel UHD Graphics,4.60%,Intel,Intel
807,817,36293872,176%,102%,199%,AMD Ryzen 9 3900X,98%,Nvidia RTX 2080-Ti,180.80%,Nvidia,AMD
808,818,36293875,43%,79%,38%,Intel Core i7-6700,67.70%,Nvidia GTX 1060-6GB,56.20%,Nvidia,Intel
809,819,36293876,73%,90%,72%,AMD Ryzen 7 3700X,77.80%,AMD RX 5600-XT,87.10%,AMD,AMD
810,820,36293877,87%,86%,90%,AMD Ryzen 7 3700X,79.50%,Nvidia RTX 2070S (Super),109%,Nvidia,AMD
811,821,36293881,212%,101%,233%,Intel Core i9-10850K,98.30%,Nvidia RTX 3080,222.60%,Nvidia,Intel
812,822,36293885,123%,87%,125%,AMD Ryzen 7 3700X,85.10%,Nvidia RTX 3060-Ti,146.90%,Nvidia,AMD
813,823,36293887,66%,93%,60%,Intel Core i7-9750H,89.10%,Nvidia GTX 1660-Ti (Mobile),68.50%,Nvidia,Intel
814,824,36293894,164%,104%,170%,AMD Ryzen 7 5800X,94.40%,Nvidia RTX 3070,174.80%,Nvidia,AMD
815,825,36293896,131%,100%,125%,Intel Core i7-9700K,100.80%,Nvidia RTX 2070S (Super),128.70%,Nvidia,Intel
816,826,36293897,121%,87%,117%,AMD Ryzen 5 3600,82.30%,Nvidia RTX 3070,148.10%,Nvidia,AMD
817,827,36293898,7%,49%,7%,Intel Core i3-5005U,48.20%,Intel HD 5500 (Mobile 0.95 GHz),3.40%,Intel,Intel
818,828,36293902,156%,98%,166%,AMD Ryzen 7 5800X,90.90%,Nvidia RTX 2080-Ti,175.80%,Nvidia,AMD
819,829,36293907,9%,65%,8%,Intel Core i7-4700MQ,65.50%,Nvidia GeForce GT 750M,6.10%,Nvidia,Intel
820,830,36293910,74%,94%,70%,Intel Core i7-9700,96.30%,Nvidia GTX 1660-Ti,76.20%,Nvidia,Intel
821,831,36293914,31%,83%,30%,AMD Ryzen 5 3600,78.70%,Nvidia GTX 960,33%,Nvidia,AMD
822,832,36293916,118%,86%,101%,AMD Ryzen 5 3400G,79.60%,Nvidia RTX 3060-Ti,145.40%,Nvidia,AMD
823,833,36293920,94%,101%,90%,Intel Core i7-9700K,103.10%,Nvidia GTX 1080,87.40%,Nvidia,Intel
824,834,36293921,0%,34%,0%,Intel Core i3-2310M,52.60%,Intel HD 3000 (Mobile V1 1.1/1.2 GHz),0.90%,Intel,Intel
825,835,36293959,0%,33%,0%,Intel Pentium E5800,33.80%,Intel G41 Express Chipset,0.30%,Intel,Intel
826,836,36293962,74%,96%,65%,Intel Core i7-9750H,88.50%,Nvidia GTX 1660-Ti (Mobile),77.60%,Nvidia,Intel
827,837,36293964,16%,83%,16%,Intel Core i7-10750H,82.60%,Intel UHD Graphics,9.90%,Intel,Intel
828,838,36293965,48%,73%,37%,Intel Core i7-4770,62.60%,Nvidia GTX 1070,73.30%,Nvidia,Intel
829,839,36293968,56%,93%,48%,Intel Core i5-8600K,92.70%,Nvidia GeForce GTX 1060 6GB,54.40%,Nvidia,Intel
830,840,36293970,38%,76%,35%,AMD Ryzen 5 2600,68.20%,AMD RX 580,47.70%,AMD,AMD
831,841,36293971,99%,89%,118%,AMD Ryzen 9 3900X,82.90%,Nvidia RTX 2070S (Super),116.40%,Nvidia,AMD
832,842,36293974,125%,107%,124%,Intel Core i9-10900K,104.10%,Nvidia RTX 2070S (Super),116.70%,Nvidia,Intel
833,843,36293975,1%,37%,1%,Intel Pentium Dual E2160,39%,Nvidia GeForce GT 710,4%,Nvidia,Intel
834,844,36293987,119%,94%,113%,AMD Ryzen 5 3600X,93.50%,Nvidia RTX 2070S (Super),125.40%,Nvidia,AMD
835,845,36293989,73%,95%,67%,Intel Core i7-8700K,95.50%,Nvidia GTX 1070,77.10%,Nvidia,Intel
836,846,36293991,161%,95%,161%,AMD Ryzen 7 3700X,94.70%,Nvidia RTX 2080-Ti,172.20%,Nvidia,AMD
837,847,36293992,99%,95%,91%,Intel Core i7-8700K,90.10%,AMD RX 5700-XT,108.20%,AMD,Intel
838,848,36293996,61%,87%,51%,Intel Core i5-9600K,85.10%,Nvidia GTX 1660-Ti,69%,Nvidia,Intel
839,849,36293998,46%,90%,46%,AMD Ryzen 7 3700X,90.60%,Nvidia GTX 1650,44.60%,Nvidia,AMD
840,850,36294001,47%,80%,44%,AMD Ryzen 5 1600,73.40%,Nvidia GTX 1060-6GB,55.30%,Nvidia,AMD
841,851,36294002,90%,94%,103%,AMD Ryzen 9 3900X,91.90%,AMD RX Vega-56,92.90%,AMD,AMD
842,852,36294007,116%,91%,119%,AMD Ryzen 7 3700X,90.40%,Nvidia RTX 2070S (Super),128.10%,Nvidia,AMD
843,853,36294009,8%,61%,8%,Intel Core i5-7200U,62.80%,Intel HD 620 (Mobile Kaby Lake),4.80%,Intel,Intel
844,854,36294012,100%,92%,92%,AMD Ryzen 5 3600,92.60%,AMD RX 5700-XT,104.30%,AMD,AMD
845,855,36294017,9%,71%,9%,Intel Core i5-9300H,72.90%,Intel UHD Graphics 630,6.10%,Intel,Intel
846,856,36294027,99%,100%,95%,Intel Core i7-9700K,103.40%,Nvidia GTX 1080,92.60%,Nvidia,Intel
847,857,36294032,100%,96%,93%,AMD Ryzen 5 3600,92.10%,AMD RX 5700-XT,104.80%,AMD,AMD
848,858,36294033,112%,96%,108%,AMD Ryzen 5 5600X,93.80%,Nvidia RTX 2070S (Super),121.30%,Nvidia,AMD
849,859,36294037,76%,95%,64%,Intel Core i5-9600K,95%,Nvidia GTX 1070,75.60%,Nvidia,Intel
850,860,36294043,63%,91%,64%,AMD Ryzen 7 3700X,88.60%,Nvidia GTX 1660-Ti,65.80%,Nvidia,AMD
851,861,36294044,203%,102%,225%,Intel Core i9-10850K,98.40%,Nvidia RTX 3080,211.10%,Nvidia,Intel
852,862,36294045,199%,108%,260%,AMD Ryzen 9 5950X,105.40%,Nvidia RTX 3090,191.60%,Nvidia,AMD
853,863,36294047,89%,85%,84%,AMD Ryzen 5 3600,82.10%,AMD RX 5700-XT,107.10%,AMD,AMD
854,864,36294051,103%,95%,103%,AMD Ryzen 7 3700X,88.50%,Nvidia RTX 3070,113.70%,Nvidia,AMD
855,865,36294060,50%,87%,48%,AMD Ryzen 5 3600,83.40%,AMD RX 590,53.30%,AMD,AMD
856,866,36294062,87%,95%,80%,Intel Core i7-8700,89.80%,Nvidia GTX 1070-Ti,94.10%,Nvidia,Intel
857,867,36294065,48%,82%,49%,AMD Ryzen 7 2700X,80.70%,AMD RX 580,53.70%,AMD,AMD
858,868,36294067,270%,106%,263%,Intel Core i9-9900K,101.30%,Nvidia RTX 3090,275.10%,Nvidia,Intel
859,869,36294070,49%,86%,38%,Intel Core i3-7100,74.40%,AMD RX 480,59.10%,AMD,Intel
860,870,36294079,97%,95%,99%,AMD Ryzen 7 3800X,91.10%,AMD RX 5700-XT,104.50%,AMD,AMD
861,871,36294086,36%,73%,28%,Intel Core i5-3330,71%,Nvidia GTX 1060-3GB,50.60%,Nvidia,Intel
862,872,36294087,12%,57%,12%,AMD Ryzen 5 4500U,69.30%,AMD Radeon Graphics,5.90%,AMD,AMD
863,873,36294095,29%,57%,21%,AMD A10-7860K APU (2014 D.Ka),50.30%,Nvidia GTX 1650S (Super),60.10%,Nvidia,AMD
864,874,36294099,45%,91%,43%,AMD Ryzen 5 3600,87.70%,Nvidia GTX 1660S (Super),46.40%,Nvidia,AMD
865,875,36294102,26%,82%,26%,AMD Ryzen 7 3700X,77%,AMD RX 6800-XT,26.70%,AMD,AMD
866,876,36294104,40%,78%,33%,Intel Xeon X5687,74%,Nvidia GTX 1060-3GB,50.80%,Nvidia,Intel
867,877,36294107,96%,87%,93%,AMD Ryzen 5 3600,78.60%,AMD RX 5700-XT,117.60%,AMD,AMD
868,878,36294112,22%,67%,20%,AMD Ryzen 5 1500X,65.30%,Nvidia GTX 1050-Ti,28.90%,Nvidia,AMD
869,879,36294114,144%,104%,144%,Intel Core i9-9900K,100.10%,Nvidia RTX 2080S (Super),142.90%,Nvidia,Intel
870,880,36294119,6%,57%,5%,Intel Core i7-6500U,56.50%,Intel HD 520 (Mobile Skylake),4.70%,Intel,Intel
871,881,36294120,127%,104%,122%,Intel Core i7-9700K,100.90%,Nvidia RTX 2070S (Super),123.30%,Nvidia,Intel
872,882,36294122,68%,91%,54%,Intel Core i5-7600K,83.90%,Nvidia GTX 1070,76.20%,Nvidia,Intel
873,883,36294125,2%,34%,2%,AMD Sempron X2 190,32.20%,Nvidia Quadro FX 5600,5.60%,Nvidia,AMD
874,884,36294127,43%,75%,39%,AMD Ryzen 5 3550H,62.20%,Nvidia GTX 1660-Ti (Mobile Max-Q),62.50%,Nvidia,AMD
875,885,36294129,50%,84%,40%,Intel Core i5-6600K,79.80%,Nvidia GTX 1060-6GB,58.10%,Nvidia,Intel
876,886,36294134,49%,84%,50%,AMD Ryzen 7 1700X,80.40%,AMD RX 580,52%,AMD,AMD
877,887,36294139,65%,94%,59%,Intel Core i7-10750H,87%,Nvidia RTX 2060 (Mobile),69%,Nvidia,Intel
878,888,36294145,82%,85%,69%,Intel Core i5-9400F,86.40%,Nvidia RTX 2060,94.90%,Nvidia,Intel
879,889,36294146,159%,89%,152%,AMD Ryzen 5 3600,81.70%,Nvidia RTX 3080,197.60%,Nvidia,AMD
880,890,36294148,72%,95%,72%,AMD Ryzen 9 4900HS,92.10%,Nvidia GeForce RTX 2060 with Max-Q Design,71.60%,Nvidia,AMD
881,891,36294150,68%,92%,58%,Intel Core i5-9400F,87.80%,Nvidia GTX 1660S (Super),71.90%,Nvidia,Intel
882,892,36294151,41%,90%,37%,Intel Core i7-9850H,80.60%,Nvidia Quadro T2000,41.50%,Nvidia,Intel
883,893,36294157,47%,83%,41%,Intel Core i7-6700K,76.50%,Nvidia GTX 1060-6GB,55.90%,Nvidia,Intel
884,894,36294162,82%,80%,77%,AMD Ryzen 5 2600,71.10%,AMD RX 5700-XT,109.40%,AMD,AMD
885,895,36294173,67%,87%,63%,AMD Ryzen 5 2600,83.40%,Nvidia GTX 1660,73.70%,Nvidia,AMD
886,896,36294177,176%,98%,180%,AMD Ryzen 5 5600X,86.50%,Nvidia RTX 3080,208.90%,Nvidia,AMD
887,897,36294230,85%,80%,81%,AMD Ryzen 7 2700,80%,Nvidia GTX 1080,103.80%,Nvidia,AMD
888,898,36294239,118%,89%,149%,AMD Ryzen 9 3950X,82.20%,Nvidia Quadro RTX 5000,139.70%,Nvidia,AMD
889,899,36294240,11%,63%,11%,AMD Ryzen 5 3400G,64.30%,AMD Radeon RX Vega 11 Graphics,4.10%,AMD,AMD
890,900,36294241,34%,79%,27%,Intel Core i5-6500,71.50%,AMD RX 480,39.20%,AMD,Intel
891,901,36294243,215%,105%,205%,Intel Core i7-9700K,102%,Nvidia RTX 3080,215.10%,Nvidia,Intel
892,902,36294246,36%,83%,32%,Intel Core i7-4770,71.20%,AMD R9 380,43.30%,AMD,Intel
893,903,36294248,32%,87%,32%,Intel Core i9-7920X,78.10%,Nvidia GTX 770,31.20%,Nvidia,Intel
894,904,36294257,77%,106%,75%,AMD Ryzen 5 5600X,97.90%,Nvidia GTX 1660S (Super),72.60%,Nvidia,AMD
895,905,36294259,88%,88%,75%,Intel Core i7-7700K,82.90%,Nvidia GTX 1080,105.40%,Nvidia,Intel
896,906,36294261,87%,91%,67%,Intel Core i5-7600K,85.90%,Nvidia GTX 1080,99.30%,Nvidia,Intel
897,907,36294263,85%,85%,66%,Intel Core i5-7500,77.90%,Nvidia RTX 2070,106.60%,Nvidia,Intel
898,908,36294264,106%,99%,120%,AMD Ryzen 9 3900X,93.50%,AMD RX 5700-XT,108.60%,AMD,AMD
899,909,36294265,58%,82%,45%,Intel Core i5-7400,75.60%,Nvidia GTX 1660S (Super),72%,Nvidia,Intel
900,910,36294272,117%,99%,118%,Intel Core i7-10700K,101%,Nvidia RTX 3060-Ti,113.90%,Nvidia,Intel
901,911,36294273,22%,83%,18%,Intel Core i3-7100,73.50%,Nvidia GTX 750-Ti,19.30%,Nvidia,Intel
902,912,36294275,12%,83%,11%,Intel Core i5-9300H,87.40%,Intel UHD Graphics 630,7.90%,Intel,Intel
903,913,36294276,9%,62%,9%,Intel Core i7-3770K,63.10%,Nvidia GTX 1050-Ti,6%,Nvidia,Intel
904,914,36294277,117%,103%,110%,Intel Core i7-8086K,104.10%,Nvidia GTX 1080,110.50%,Nvidia,Intel
905,915,36294278,136%,108%,117%,Intel Core i5-9600K,105.80%,Nvidia RTX 2080-Ti,126.40%,Nvidia,Intel
906,916,36294279,56%,90%,48%,Intel Core i5-8400,88.60%,Nvidia GTX 1060-6GB,56.20%,Nvidia,Intel
907,917,36294281,110%,103%,105%,Intel Core i7-9700K,100.70%,AMD RX 5700-XT,105.70%,AMD,Intel
908,918,36294286,95%,98%,95%,Intel Core i9-9900K,100.80%,Nvidia GTX 1070-Ti,93.50%,Nvidia,Intel
909,919,36294288,43%,91%,41%,AMD Ryzen 5 4600H,86.20%,Nvidia GeForce GTX 1650,41.20%,Nvidia,AMD
910,920,36294293,11%,65%,10%,Intel Core i5-6500T,66.50%,Intel HD 530 (Desktop Skylake),5.10%,Intel,Intel
911,921,36294295,30%,78%,25%,Intel Core i7-3770,76.90%,AMD RX 570,36.70%,AMD,Intel
912,922,36294296,2%,40%,2%,Intel Pentium T4500,41.50%,Intel Mobile Series 4 Express Chipset Family,0.30%,Intel,Intel
913,923,36294297,22%,78%,18%,Intel Core i5-2500,73.60%,Nvidia GTX 760,25.10%,Nvidia,Intel
914,924,36294301,61%,88%,59%,AMD Ryzen 5 3600,78.40%,Nvidia GTX 1660,72%,Nvidia,AMD
915,925,36294302,109%,100%,93%,Intel Core i5-8600K,94.50%,AMD RX 5700-XT,110.80%,AMD,Intel
916,926,36294303,100%,87%,105%,AMD Ryzen 7 3700X,77.70%,Nvidia RTX 2070S (Super),127.90%,Nvidia,AMD
917,927,36294312,9%,75%,8%,Intel Core i5-10400,85.90%,Intel UHD Graphics 630,5.60%,Intel,Intel
918,928,36294318,14%,75%,13%,Intel Core i5-1035G1,72.90%,Intel UHD G1,6.50%,Intel,Intel
919,929,36294325,69%,78%,55%,Intel Core i7-2600,73.60%,Nvidia RTX 2060,93.30%,Nvidia,Intel
920,930,36294331,132%,96%,135%,AMD Ryzen 7 3700X,89.10%,Nvidia RTX 3060-Ti,147.30%,Nvidia,AMD
921,931,36294335,65%,83%,60%,AMD Ryzen 5 1600,83%,Nvidia GTX 1660,75.80%,Nvidia,AMD
922,932,36294339,105%,88%,104%,AMD Ryzen 7 2700X,85%,Nvidia RTX 2070S (Super),119.90%,Nvidia,AMD
923,933,36294340,39%,68%,33%,AMD FX-8350,63.70%,AMD RX 590,57.50%,AMD,AMD
924,934,36294344,48%,80%,43%,AMD Ryzen 5 2400G,68.60%,Nvidia GTX 1650S (Super),61.10%,Nvidia,AMD
925,935,36294347,6%,49%,6%,Intel Core i3-5015U,49.30%,Intel HD 5500 (Mobile 0.95 GHz),0.70%,Intel,Intel
926,936,36294348,225%,110%,271%,AMD Ryzen 9 5950X,107.30%,Nvidia RTX 3080,213.80%,Nvidia,AMD
927,937,36294349,83%,87%,78%,AMD Ryzen 5 2600,77.70%,Nvidia RTX 2060S (Super),100.40%,Nvidia,AMD
928,938,36294351,28%,85%,24%,Intel Core i5-8300H,80.50%,Nvidia GTX 1050 (Mobile),25.90%,Nvidia,Intel
929,939,36294353,31%,72%,28%,AMD Ryzen 5 2600X,70.30%,Nvidia GTX 1650,39.10%,Nvidia,AMD
930,940,36294357,97%,98%,84%,Intel Core i5-9600K,97.50%,Nvidia GTX 1070-Ti,96%,Nvidia,Intel
931,941,36294360,20%,77%,16%,Intel Core i5-8250U,78.50%,Nvidia GTX 1050 (Mobile),25.40%,Nvidia,Intel
932,942,36294361,34%,72%,33%,AMD Ryzen 5 1600,63.30%,Nvidia GTX 1060-6GB,44.20%,Nvidia,AMD
933,943,36294367,11%,73%,10%,Intel Core i3-4370,71.50%,AMD Radeon HD 6670,6.80%,AMD,Intel
934,944,36294372,41%,86%,38%,Intel Core i7-8750H,83.90%,Nvidia GTX 1060 (Mobile),46%,Nvidia,Intel
935,945,36294376,192%,108%,177%,AMD Ryzen 5 5600X,103.90%,Nvidia RTX 3070,187.60%,Nvidia,AMD
936,946,36294379,45%,78%,35%,Intel Core i5-4460,72.40%,AMD R9 390X,58.90%,AMD,Intel
937,947,36294381,81%,101%,65%,Intel Core i5-6600K,92.70%,Nvidia GTX 1660S (Super),80.50%,Nvidia,Intel
938,948,36294383,0%,21%,0%,AMD Phenom 9600,26.70%,Nvidia GeForce 6150SE nForce 430,0%,Nvidia,AMD
939,949,36294387,130%,100%,130%,Intel Core i7-10700,101.90%,Nvidia RTX 2070S (Super),127.70%,Nvidia,Intel
940,950,36294391,39%,74%,36%,AMD Ryzen 5 1600,73.90%,AMD RX 480,49.40%,AMD,AMD
941,951,36294392,114%,92%,90%,Intel Core i5-7600K,87.10%,Nvidia RTX 2070S (Super),131.80%,Nvidia,Intel
942,952,36294395,7%,48%,6%,Intel Core i5-3210M,45.50%,Intel HD 4000 (Mobile 1.25 GHz),3%,Intel,Intel
943,953,36294398,229%,108%,232%,Intel Core i9-9900KS,105.80%,Nvidia RTX 3080,221.30%,Nvidia,Intel
944,954,36294401,140%,97%,116%,Intel Core i7-4790K,97.40%,Nvidia GTX 1080-Ti,145.30%,Nvidia,Intel
945,955,36294406,116%,109%,140%,AMD Ryzen 9 5950X,106.40%,Nvidia GTX 1080,105.60%,Nvidia,AMD
946,956,36294408,1%,42%,0%,Intel Core i3 530,48.20%,Intel HD Graphics (Clarkdale 0.733/0.9 GHz),0.80%,Intel,Intel
947,957,36294411,47%,76%,48%,AMD Ryzen 7 1700,70.60%,Nvidia GTX 1060-6GB,56.60%,Nvidia,AMD
948,958,36294413,100%,84%,94%,AMD Ryzen 5 3600,79.30%,Nvidia RTX 2070S (Super),123.80%,Nvidia,AMD
949,959,36294417,181%,107%,174%,AMD Ryzen 5 5600X,100.70%,Nvidia RTX 3070,181.50%,Nvidia,AMD
950,960,36294418,44%,84%,50%,AMD Ryzen 7 3700X,71.30%,Nvidia GTX 1060-6GB,55%,Nvidia,AMD
951,961,36294420,71%,89%,73%,AMD Ryzen 7 2700X,86.80%,Nvidia GTX 1660S (Super),75.10%,Nvidia,AMD
952,962,36294423,6%,57%,6%,Intel Core i5-2450M,58.30%,Intel HD 3000 (Mobile V2 1.3 GHz),1.80%,Intel,Intel
953,963,36294426,88%,84%,85%,AMD Ryzen 5 3600,74.90%,AMD RX 5700-XT,111.80%,AMD,AMD
954,964,36294427,28%,85%,25%,Intel Core i5-8300H,79.80%,Nvidia GTX 1050 (Mobile),26%,Nvidia,Intel
955,965,36294439,97%,92%,110%,AMD Ryzen 9 3900 12-Core,88.90%,AMD RX 5700XT 50th Anniversary,105.20%,AMD,AMD
956,966,36294440,106%,95%,91%,Intel Core i7-7700K,86.30%,Nvidia GTX 1080-Ti,120.10%,Nvidia,Intel
957,967,36294444,26%,81%,24%,Intel Core i7-9750H,73.70%,Nvidia GTX 1650 (Mobile),24.50%,Nvidia,Intel
958,968,36294447,92%,88%,86%,AMD Ryzen 5 3600X,86.80%,AMD RX 5700-XT,104.40%,AMD,AMD
959,969,36294450,103%,92%,87%,Intel Core i5-9600K,92.60%,AMD RX 5700-XT,109.90%,AMD,Intel
960,970,36294451,43%,84%,44%,AMD Ryzen 7 3800X,79.90%,AMD RX 580,48%,AMD,AMD
961,971,36294452,0%,51%,0%,Intel Core i3-5020U,57.50%,Intel HD 5500 (Mobile 0.95 GHz),0.40%,Intel,Intel
962,972,36294453,51%,84%,49%,AMD Ryzen 5 3600,75.60%,Nvidia GTX 1650S (Super),60.80%,Nvidia,AMD
963,973,36294456,13%,75%,12%,Intel Core i7-10510U,72.10%,Intel UHD Graphics,4.70%,Intel,Intel
964,974,36294464,98%,93%,108%,AMD Ryzen 9 3900X,87.60%,Nvidia RTX 2070S (Super),106.70%,Nvidia,AMD
965,975,36294469,58%,87%,53%,Intel Core i7-9750H,83.60%,Nvidia RTX 2060 (Mobile),65.50%,Nvidia,Intel
966,976,36294473,27%,93%,28%,AMD Ryzen 7 4800H,89.60%,AMD Radeon Graphics,18.90%,AMD,AMD
967,977,36294474,12%,81%,11%,Intel Core i5-9300H,84.60%,Intel UHD Graphics 630,7.80%,Intel,Intel
968,978,36294480,22%,68%,20%,AMD Ryzen 5 1500X,64.40%,Nvidia GTX 1050-Ti,29.10%,Nvidia,AMD
969,979,36294483,23%,96%,21%,Intel Core i7-1165G7,87.20%,Intel Iris Xe,21.80%,Intel,Intel
970,980,36294487,25%,94%,24%,AMD Ryzen 7 4800H,89.30%,AMD Radeon Graphics,17.40%,AMD,AMD
971,981,36294489,10%,69%,10%,Intel Pentium Gold G5400,68.20%,Intel UHD Graphics 610,2.90%,Intel,Intel
972,982,36294491,49%,92%,46%,Intel Core i7-8700,92.30%,Nvidia GTX 1080-Ti,48%,Nvidia,Intel
973,983,36294492,128%,107%,139%,Intel Core i9-10900K,104.10%,Nvidia RTX 2070S (Super),120.10%,Nvidia,Intel
974,984,36294494,118%,102%,109%,Intel Core i7-9700K,95.50%,Nvidia RTX 2070S (Super),121.30%,Nvidia,Intel
975,985,36294501,76%,84%,64%,Intel Core i7-4790,78.90%,Nvidia RTX 2060,95.90%,Nvidia,Intel
976,986,36294503,7%,53%,7%,Intel Core i7-4600U,57.70%,Intel HD 4400 (Mobile 1.0/1.1 GHz),2.70%,Intel,Intel
977,987,36294504,19%,66%,15%,Intel Core i5-4460,57.70%,Nvidia GTX 960,31.70%,Nvidia,Intel
978,988,36294506,74%,81%,62%,Intel Core i7-6700K,80.40%,Nvidia RTX 2060,92.80%,Nvidia,Intel
979,989,36294509,145%,90%,136%,Intel Core i7-10700,95%,Nvidia RTX 2080-Ti,160.20%,Nvidia,Intel
980,990,36294510,41%,78%,33%,Intel Core i7 975,75.30%,Nvidia GTX 1060-6GB,52%,Nvidia,Intel
981,991,36294520,47%,86%,52%,AMD Ryzen 7 3700X,78.20%,Nvidia GTX 1060-6GB,55.10%,Nvidia,AMD
982,992,36294521,64%,85%,59%,AMD Ryzen 5 2600,74.40%,Nvidia GTX 980-Ti,77.50%,Nvidia,AMD
983,993,36294526,3%,59%,3%,Intel Core i3-2130,64.50%,Nvidia GeForce GT 720,3.20%,Nvidia,Intel
984,994,36294529,51%,89%,48%,AMD Ryzen 5 2600,81.70%,AMD RX 580,53.30%,AMD,AMD
985,995,36294530,170%,104%,166%,Intel Core i9-9900K,106.40%,Nvidia RTX 2080-Ti,161.80%,Nvidia,Intel
986,996,36294532,78%,96%,62%,Intel Core i5-6600K,93.70%,Nvidia GTX 1070,79.50%,Nvidia,Intel
987,997,36294535,39%,76%,35%,AMD Ryzen 3 3100,73.20%,AMD RX 580,54%,AMD,AMD
988,998,36294536,194%,92%,187%,Intel Core i9-9900K,90.50%,Nvidia RTX 3080,220.10%,Nvidia,Intel
989,999,36294539,212%,109%,186%,AMD Ryzen 5 5600X,106.60%,Nvidia RTX 3080,202.40%,Nvidia,AMD
990,1000,36294540,14%,74%,11%,Intel Core i5-4570,75.60%,Nvidia GT 1030,14.20%,Nvidia,Intel
991,1001,36294543,27%,82%,22%,Intel Core i5-8300H,84%,Nvidia GTX 1050-Ti (Mobile),32%,Nvidia,Intel
992,1002,36294546,18%,77%,18%,AMD Ryzen 7 2700X,79.50%,Nvidia RTX 2070S (Super),18.10%,Nvidia,AMD
993,1003,36294549,32%,75%,32%,AMD Ryzen 7 1800X,77.90%,AMD Radeon  RX 580,41.60%,AMD,AMD
994,1004,36294551,36%,70%,28%,Intel Core i5-6500,56.90%,Nvidia GTX 1060-6GB,57.20%,Nvidia,Intel
995,1005,36294552,96%,95%,96%,AMD Ryzen 7 3700X,90.90%,AMD RX 5700-XT,101.60%,AMD,AMD
996,1006,36294559,57%,87%,54%,AMD Ryzen 5 2600,81.30%,Nvidia GTX 1060-6GB,61.50%,Nvidia,AMD
997,1007,36294563,227%,108%,263%,AMD Ryzen 9 5900X,103%,Nvidia RTX 3080,225.60%,Nvidia,AMD
998,1008,36294565,1%,16%,1%,Intel Atom N270,20.30%,Nvidia ION,0.80%,Nvidia,Intel
999,1009,36294569,111%,76%,104%,AMD Ryzen 5 1600,65.10%,Nvidia RTX 3070,169.70%,Nvidia,AMD
1000,1010,36294572,64%,89%,55%,Intel Core i7-6700K,79.60%,Nvidia GTX 980-Ti,74.70%,Nvidia,Intel
1001,1011,36294574,120%,95%,124%,AMD Ryzen 7 3700X,91.40%,Nvidia RTX 2070S (Super),130.50%,Nvidia,AMD
1002,1012,36294575,229%,95%,273%,AMD Ryzen 9 3900X,86.50%,Nvidia RTX 3090,271.70%,Nvidia,AMD
1003,1013,36294577,124%,96%,117%,AMD Ryzen 5 3600X,86.60%,Nvidia GTX 1080-Ti,141.60%,Nvidia,AMD
1004,1014,36294580,24%,83%,22%,AMD Ryzen 5 3400G,80%,AMD Radeon RX Vega 11 Graphics,18.30%,AMD,AMD
1005,1015,36294581,62%,93%,63%,AMD Ryzen 7 4800H,91.20%,Nvidia GTX 1660-Ti (Mobile),60.80%,Nvidia,AMD
1006,1016,36294582,147%,89%,150%,AMD Ryzen 7 3700X,85.40%,AMD RX 6800-XT,175.20%,AMD,AMD
1007,1017,36294585,20%,64%,16%,Intel Celeron G3900,50.30%,AMD RX 570,34.90%,AMD,Intel
1008,1018,36294593,183%,106%,171%,AMD Ryzen 5 5600X,99.60%,Nvidia RTX 3070,185%,Nvidia,AMD
1009,1019,36294596,54%,81%,43%,Intel Core i5-7400,70.70%,Nvidia GTX 1660S (Super),69.80%,Nvidia,Intel
1010,1020,36294597,11%,63%,10%,Intel Core i7-6700HQ,66.50%,Intel HD 530 (Mobile Skylake),5.40%,Intel,Intel
1011,1021,36294608,59%,88%,54%,AMD Ryzen 5 2600,84.90%,AMD RX 580,60.90%,AMD,AMD
1012,1022,36294611,98%,101%,100%,Intel Core i9-9900K,102.80%,Nvidia GTX 1070-Ti,92.30%,Nvidia,Intel
1013,1023,36294612,151%,98%,156%,AMD Ryzen 7 3700X,93.10%,Nvidia RTX 2080S (Super),162.80%,Nvidia,AMD
1014,1024,36294613,102%,109%,105%,AMD Ryzen 7 5800X,100.70%,Nvidia RTX 2060,96.10%,Nvidia,AMD
1015,1025,36294630,110%,86%,103%,AMD Ryzen 5 3600,87.60%,Nvidia RTX 2070S (Super),128.80%,Nvidia,AMD
1016,1026,36294633,8%,59%,7%,Intel Core i7-4700MQ,64.50%,Intel HD 4600 (Mobile 1.15 GHz),3.20%,Intel,Intel
1017,1027,36294640,8%,68%,7%,Intel Core i5-4570,73.30%,Intel HD 4600 (Desktop 1.25 GHz),3%,Intel,Intel
1018,1028,36294643,132%,104%,124%,Intel Core i5-10600K,101.20%,Nvidia RTX 2070S (Super),129.10%,Nvidia,Intel
1019,1029,36294645,13%,72%,13%,AMD Ryzen 5 2600,75.90%,AMD R7 240,5.70%,AMD,AMD
1020,1030,36294650,90%,87%,70%,Intel Core i5-7500,80.60%,Nvidia GTX 1080,109.30%,Nvidia,Intel
1021,1031,36294658,60%,96%,51%,Intel Core i5-9600K,95.50%,Nvidia GTX 1060-6GB,57.30%,Nvidia,Intel
1022,1032,36294662,63%,85%,51%,AMD Ryzen 3 3200G,78.30%,Nvidia GTX 1660,72.20%,Nvidia,AMD
1023,1033,36294679,29%,72%,27%,AMD Ryzen 5 1600,69.60%,Nvidia GTX 1050-Ti,34%,Nvidia,AMD
